Property_ID,City,Area_SqFt,BHK,Property_Age_Years,Furnishing,Parking,RERA_Approved,Price_Lakhs
1,Ahmedabad,1408,3,22,Unfurnished,None,Yes,112.62
2,Hyderabad,1629,2,7,Semi-Furnished,Covered,Yes,144.37
3,Chennai,1435,2,29,Semi-Furnished,Open,Yes,113.19
4,Ahmedabad,675,1,27,Fully-Furnished,Open,Yes,63.14
5,Bangalore,3140,5,8,Fully-Furnished,None,No,238.54
6,Chennai,2689,5,14,Semi-Furnished,Covered,Yes,222.53
7,Chennai,1639,3,4,Semi-Furnished,Covered,No,155.71
8,Ahmedabad,525,1,12,Semi-Furnished,Covered,Yes,69.9
9,Delhi,4465,6,4,Semi-Furnished,None,Yes,480.68
10,Bangalore,4268,6,10,Unfurnished,Covered,No,338.43
11,Ahmedabad,1608,2,9,Unfurnished,Open,No,118.48
12,Bangalore,3649,6,19,Semi-Furnished,Open,Yes,288.12
13,Bangalore,1318,3,12,Unfurnished,Open,Yes,127.03
14,Chennai,4323,6,8,Unfurnished,Open,Yes,313.55
15,Hyderabad,2369,4,20,Semi-Furnished,Covered,Yes,172.86
16,Bangalore,3193,6,13,Unfurnished,Covered,Yes,277.88
17,Pune,1291,2,17,Semi-Furnished,Open,Yes,109.1
18,Chennai,2433,5,14,Semi-Furnished,Covered,No,173.2
19,Delhi,1764,3,9,Fully-Furnished,Covered,No,212.18
20,Hyderabad,528,1,23,Semi-Furnished,Covered,Yes,48.29
21,Pune,1414,2,30,Unfurnished,Open,Yes,101.01
22,Pune,2199,3,6,Semi-Furnished,Open,No,163.9
23,Delhi,1918,4,7,Fully-Furnished,Open,Yes,189.17
24,Hyderabad,1598,3,27,Fully-Furnished,Covered,Yes,138.08
25,Chennai,4273,6,2,Semi-Furnished,None,Yes,338.88
26,Mumbai,2874,5,30,Unfurnished,Open,Yes,421.36
27,Hyderabad,3885,6,14,Fully-Furnished,Open,No,280.35
28,Delhi,4449,6,15,Unfurnished,Open,Yes,458.65
29,Pune,4119,6,3,Semi-Furnished,Covered,Yes,340.54
30,Chennai,702,2,20,Semi-Furnished,Covered,Yes,81.74
31,Hyderabad,4352,6,5,Unfurnished,Covered,No,291.54
32,Mumbai,1386,2,0,Unfurnished,Covered,No,233.38
33,Mumbai,2263,4,3,Unfurnished,Open,Yes,440.83
34,Bangalore,3472,6,10,Semi-Furnished,Open,Yes,313.08
35,Bangalore,3524,6,11,Fully-Furnished,Open,Yes,296.86
36,Ahmedabad,1727,3,25,Unfurnished,None,Yes,133.92
37,Delhi,2808,5,28,Fully-Furnished,Open,Yes,232.93
38,Hyderabad,4073,6,4,Unfurnished,Covered,Yes,312.52
39,Hyderabad,3691,6,22,Semi-Furnished,Open,Yes,226.43
40,Ahmedabad,4433,6,28,Unfurnished,Covered,Yes,282.63
41,Pune,1103,2,20,Fully-Furnished,Open,Yes,101.41
42,Pune,974,1,15,Semi-Furnished,None,No,83.79
43,Ahmedabad,3632,6,12,Semi-Furnished,None,Yes,279.95
44,Pune,3032,5,12,Fully-Furnished,Open,Yes,234.72
45,Bangalore,4228,6,16,Semi-Furnished,Open,No,322.0
46,Hyderabad,3630,6,26,Fully-Furnished,None,Yes,218.65
47,Ahmedabad,888,1,6,Semi-Furnished,Open,Yes,86.71
48,Hyderabad,1747,3,7,Fully-Furnished,Open,Yes,158.72
49,Mumbai,4081,6,12,Semi-Furnished,Open,Yes,717.42
50,Bangalore,3573,5,22,Unfurnished,Covered,Yes,323.27
51,Chennai,2067,3,26,Semi-Furnished,Covered,Yes,178.28
52,Bangalore,2037,3,15,Unfurnished,Open,No,159.62
53,Ahmedabad,3953,6,29,Semi-Furnished,Covered,Yes,282.31
54,Chennai,1400,3,28,Semi-Furnished,Covered,Yes,136.23
55,Mumbai,1250,3,30,Semi-Furnished,Covered,Yes,284.19
56,Ahmedabad,1788,3,3,Unfurnished,Open,Yes,125.81
57,Delhi,4112,6,7,Unfurnished,None,Yes,411.57
58,Hyderabad,1767,3,15,Semi-Furnished,Covered,Yes,134.6
59,Mumbai,1221,2,30,Fully-Furnished,Open,Yes,262.77
60,Hyderabad,854,2,20,Unfurnished,Covered,Yes,63.14
61,Pune,2024,4,9,Semi-Furnished,Covered,Yes,164.82
62,Delhi,3172,6,24,Semi-Furnished,Open,Yes,289.36
63,Delhi,4126,6,11,Semi-Furnished,Open,No,360.42
64,Mumbai,3547,5,11,Unfurnished,Open,Yes,675.97
65,Delhi,4489,6,25,Semi-Furnished,Open,Yes,370.5
66,Chennai,2590,4,4,Unfurnished,Open,Yes,189.25
67,Delhi,1316,3,15,Fully-Furnished,Open,Yes,128.7
68,Hyderabad,4386,6,0,Unfurnished,Open,Yes,331.97
69,Hyderabad,3275,5,27,Unfurnished,None,Yes,234.95
70,Ahmedabad,1840,4,8,Unfurnished,Covered,Yes,153.36
71,Hyderabad,1135,2,11,Unfurnished,None,Yes,83.15
72,Ahmedabad,3968,6,4,Semi-Furnished,Covered,No,308.24
73,Hyderabad,3738,6,21,Unfurnished,Covered,Yes,287.7
74,Chennai,3415,5,19,Unfurnished,Open,No,243.25
75,Ahmedabad,3289,6,21,Semi-Furnished,Covered,Yes,234.95
76,Bangalore,1361,2,27,Unfurnished,Open,Yes,95.63
77,Pune,3389,5,23,Unfurnished,Covered,Yes,231.25
78,Mumbai,4248,6,2,Fully-Furnished,Open,No,728.9
79,Hyderabad,1426,2,4,Semi-Furnished,Open,No,103.01
80,Delhi,4265,6,1,Fully-Furnished,Open,Yes,437.18
81,Hyderabad,3263,6,13,Fully-Furnished,Open,Yes,225.24
82,Delhi,2901,4,1,Semi-Furnished,Open,Yes,266.91
83,Pune,2347,3,12,Unfurnished,Open,Yes,163.93
84,Pune,1577,2,6,Semi-Furnished,Open,Yes,161.11
85,Pune,411,1,9,Fully-Furnished,None,No,60.45
86,Delhi,3764,6,12,Semi-Furnished,None,Yes,431.74
87,Hyderabad,3422,6,15,Semi-Furnished,Open,Yes,251.45
88,Pune,3771,6,25,Unfurnished,None,Yes,270.42
89,Chennai,3230,5,13,Fully-Furnished,None,Yes,282.26
90,Ahmedabad,442,1,10,Semi-Furnished,Covered,Yes,61.24
91,Delhi,1343,2,9,Fully-Furnished,None,Yes,161.24
92,Delhi,2790,5,5,Unfurnished,Covered,No,274.02
93,Hyderabad,2945,5,3,Unfurnished,Open,Yes,149.28
94,Delhi,2811,4,20,Unfurnished,Covered,Yes,317.88
95,Delhi,1404,3,0,Semi-Furnished,Open,Yes,177.7
96,Pune,420,1,6,Unfurnished,Open,Yes,52.6
97,Hyderabad,806,1,23,Unfurnished,Open,Yes,54.19
98,Pune,1414,2,8,Fully-Furnished,Open,Yes,136.07
99,Ahmedabad,2238,4,7,Unfurnished,Open,Yes,169.5
100,Ahmedabad,3588,6,4,Fully-Furnished,None,No,289.92
101,Pune,1114,2,18,Unfurnished,Covered,Yes,83.98
102,Ahmedabad,4254,6,9,Fully-Furnished,Open,Yes,332.67
103,Hyderabad,540,1,10,Semi-Furnished,Open,No,55.66
104,Mumbai,1363,3,24,Fully-Furnished,Covered,Yes,272.98
105,Pune,772,2,14,Fully-Furnished,Open,No,83.98
106,Chennai,4035,6,5,Unfurnished,Covered,Yes,274.41
107,Chennai,2941,4,14,Unfurnished,Open,Yes,194.71
108,Delhi,4010,6,4,Unfurnished,Covered,No,386.54
109,Ahmedabad,2092,3,28,Semi-Furnished,None,No,154.97
110,Chennai,505,1,18,Fully-Furnished,Covered,Yes,51.1
111,Delhi,2081,3,21,Semi-Furnished,Covered,Yes,223.92
112,Mumbai,4497,6,18,Semi-Furnished,Open,Yes,735.94
113,Hyderabad,4416,6,9,Unfurnished,None,No,274.29
114,Hyderabad,3036,6,11,Fully-Furnished,Open,Yes,196.58
115,Hyderabad,2537,5,21,Fully-Furnished,Covered,No,165.34
116,Chennai,3816,6,3,Unfurnished,Open,Yes,316.14
117,Mumbai,3930,6,30,Semi-Furnished,Open,Yes,681.06
118,Chennai,1686,2,17,Unfurnished,None,Yes,118.71
119,Ahmedabad,3579,5,15,Semi-Furnished,Open,Yes,264.36
120,Chennai,4054,6,7,Semi-Furnished,Open,No,304.86
121,Mumbai,2759,5,3,Unfurnished,Covered,Yes,534.37
122,Mumbai,844,1,24,Semi-Furnished,Open,No,167.14
123,Ahmedabad,435,1,22,Unfurnished,Covered,Yes,50.67
124,Mumbai,1875,3,11,Semi-Furnished,Open,Yes,393.32
125,Mumbai,4357,6,1,Semi-Furnished,None,No,762.0
126,Hyderabad,2198,4,3,Unfurnished,Open,Yes,165.21
127,Ahmedabad,2245,4,4,Semi-Furnished,Open,Yes,200.86
128,Bangalore,1808,4,2,Semi-Furnished,Covered,Yes,191.65
129,Bangalore,2108,4,8,Unfurnished,Covered,No,208.12
130,Mumbai,3338,6,28,Unfurnished,Open,No,604.16
131,Bangalore,1700,2,20,Semi-Furnished,Open,Yes,134.86
132,Bangalore,1643,3,17,Fully-Furnished,Open,No,135.86
133,Mumbai,4376,6,10,Unfurnished,Covered,Yes,711.19
134,Bangalore,3497,6,2,Unfurnished,Covered,Yes,343.66
135,Chennai,409,1,29,Unfurnished,Covered,No,28.08
136,Delhi,2825,4,30,Semi-Furnished,Open,Yes,278.32
137,Ahmedabad,2060,4,24,Unfurnished,Open,No,152.74
138,Delhi,3031,5,22,Unfurnished,Open,Yes,324.52
139,Mumbai,1472,2,1,Semi-Furnished,Open,Yes,304.65
140,Hyderabad,3625,6,8,Semi-Furnished,Open,Yes,221.76
141,Ahmedabad,1716,2,13,Unfurnished,None,Yes,119.19
142,Mumbai,4083,6,3,Semi-Furnished,None,Yes,637.98
143,Hyderabad,3673,6,28,Semi-Furnished,Covered,Yes,233.09
144,Delhi,545,1,8,Unfurnished,Covered,Yes,79.58
145,Mumbai,3440,6,30,Unfurnished,Open,Yes,526.89
146,Ahmedabad,1862,4,12,Fully-Furnished,Open,Yes,189.24
147,Ahmedabad,1984,3,17,Unfurnished,Open,Yes,131.56
148,Pune,882,2,14,Semi-Furnished,Covered,Yes,101.42
149,Chennai,3579,5,27,Fully-Furnished,Covered,Yes,297.3
150,Bangalore,1649,2,9,Unfurnished,Covered,No,160.46
151,Hyderabad,1030,1,15,Unfurnished,Covered,Yes,72.94
152,Pune,1061,2,11,Semi-Furnished,Open,No,98.42
153,Bangalore,3903,6,19,Fully-Furnished,Open,Yes,294.01
154,Bangalore,3252,6,4,Fully-Furnished,Open,Yes,329.3
155,Mumbai,2866,5,1,Semi-Furnished,Open,No,502.36
156,Bangalore,1387,2,9,Unfurnished,Covered,Yes,129.79
157,Chennai,1946,4,0,Semi-Furnished,Open,Yes,149.06
158,Ahmedabad,1049,1,6,Semi-Furnished,None,Yes,72.78
159,Pune,1368,3,25,Semi-Furnished,Open,Yes,101.55
160,Bangalore,3037,6,16,Unfurnished,Covered,Yes,297.3
161,Mumbai,1500,3,15,Unfurnished,Open,Yes,279.13
162,Chennai,840,1,26,Semi-Furnished,Covered,Yes,68.75
163,Delhi,1169,1,26,Semi-Furnished,Open,Yes,127.23
164,Ahmedabad,1743,2,23,Unfurnished,None,No,140.7
165,Ahmedabad,4129,6,2,Unfurnished,Open,Yes,353.34
166,Pune,4306,6,13,Fully-Furnished,Covered,Yes,314.22
167,Ahmedabad,1977,4,9,Semi-Furnished,Open,No,128.45
168,Bangalore,4408,6,21,Unfurnished,Covered,Yes,450.01
169,Mumbai,3751,6,6,Unfurnished,Open,Yes,816.55
170,Ahmedabad,2749,4,25,Unfurnished,None,Yes,198.92
171,Ahmedabad,4002,6,16,Fully-Furnished,Covered,Yes,269.77
172,Delhi,1641,3,29,Semi-Furnished,Open,Yes,180.82
173,Delhi,1525,2,5,Semi-Furnished,Open,Yes,169.3
174,Hyderabad,3001,6,22,Semi-Furnished,Covered,No,200.17
175,Chennai,1590,3,21,Unfurnished,Open,No,124.85
176,Bangalore,472,1,3,Fully-Furnished,Covered,No,80.24
177,Ahmedabad,2314,3,16,Semi-Furnished,None,Yes,155.52
178,Ahmedabad,2872,5,26,Unfurnished,Open,Yes,201.68
179,Mumbai,3446,5,8,Unfurnished,None,Yes,649.82
180,Hyderabad,1107,1,3,Semi-Furnished,Covered,Yes,103.17
181,Chennai,2204,3,6,Fully-Furnished,Open,Yes,189.04
182,Hyderabad,4113,6,22,Unfurnished,Covered,Yes,296.89
183,Pune,2964,4,1,Fully-Furnished,Covered,No,236.97
184,Chennai,2875,5,16,Semi-Furnished,Open,Yes,223.05
185,Ahmedabad,4010,6,23,Unfurnished,Open,Yes,190.03
186,Ahmedabad,3223,5,7,Unfurnished,Open,No,224.22
187,Chennai,2135,4,22,Unfurnished,Open,Yes,170.1
188,Ahmedabad,1985,3,29,Semi-Furnished,Open,Yes,141.16
189,Bangalore,466,1,30,Unfurnished,Covered,Yes,43.67
190,Chennai,3461,6,14,Unfurnished,Covered,Yes,233.71
191,Hyderabad,2828,5,30,Semi-Furnished,Covered,No,200.86
192,Chennai,741,2,14,Semi-Furnished,Covered,Yes,82.25
193,Ahmedabad,3174,6,7,Unfurnished,Covered,Yes,272.62
194,Bangalore,3217,5,15,Semi-Furnished,Open,Yes,230.38
195,Bangalore,3061,5,18,Semi-Furnished,Covered,Yes,264.35
196,Pune,1632,3,10,Semi-Furnished,Covered,Yes,143.98
197,Hyderabad,4274,6,1,Fully-Furnished,Open,Yes,298.27
198,Delhi,2801,5,22,Unfurnished,Covered,Yes,258.63
199,Delhi,1894,3,23,Fully-Furnished,Open,Yes,191.7
200,Chennai,1061,2,16,Semi-Furnished,Covered,Yes,104.65
201,Pune,4283,6,27,Semi-Furnished,Covered,Yes,264.76
202,Mumbai,4019,6,25,Semi-Furnished,Covered,Yes,825.87
203,Chennai,2268,3,15,Semi-Furnished,Open,No,173.07
204,Pune,2734,4,24,Unfurnished,Covered,No,199.66
205,Hyderabad,3774,6,14,Semi-Furnished,Open,Yes,283.29
206,Hyderabad,1416,3,12,Semi-Furnished,Open,No,91.7
207,Hyderabad,607,1,14,Semi-Furnished,Covered,Yes,56.05
208,Hyderabad,3065,5,26,Unfurnished,Open,Yes,196.85
209,Hyderabad,2893,4,3,Fully-Furnished,Covered,Yes,251.46
210,Pune,1032,1,15,Semi-Furnished,Open,Yes,89.96
211,Pune,2502,4,29,Unfurnished,Open,Yes,194.69
212,Bangalore,3359,6,11,Semi-Furnished,Covered,Yes,282.92
213,Delhi,3483,5,29,Semi-Furnished,Open,No,327.65
214,Ahmedabad,2331,4,3,Semi-Furnished,None,No,214.23
215,Hyderabad,4119,6,2,Semi-Furnished,Covered,Yes,323.2
216,Mumbai,2962,4,21,Fully-Furnished,Open,Yes,528.53
217,Ahmedabad,2079,3,16,Unfurnished,Covered,Yes,173.68
218,Pune,636,2,21,Semi-Furnished,Open,Yes,66.13
219,Mumbai,1940,3,17,Fully-Furnished,Open,Yes,389.87
220,Mumbai,4343,6,24,Fully-Furnished,Open,Yes,840.36
221,Mumbai,763,1,17,Semi-Furnished,Open,Yes,188.71
222,Bangalore,2768,4,22,Fully-Furnished,Open,No,228.22
223,Pune,685,1,27,Unfurnished,Open,Yes,54.67
224,Mumbai,548,1,16,Fully-Furnished,Open,Yes,138.74
225,Hyderabad,4437,6,11,Unfurnished,None,Yes,266.13
226,Chennai,2166,4,22,Unfurnished,Open,Yes,155.67
227,Mumbai,1412,2,20,Unfurnished,None,No,251.86
228,Bangalore,3231,6,23,Semi-Furnished,None,Yes,229.19
229,Ahmedabad,2907,4,3,Unfurnished,Covered,No,237.86
230,Pune,1923,4,30,Unfurnished,Covered,No,103.42
231,Bangalore,3185,6,11,Unfurnished,Covered,Yes,359.33
232,Mumbai,2956,5,30,Unfurnished,Open,Yes,593.46
233,Pune,4125,6,25,Semi-Furnished,Covered,No,295.21
234,Chennai,2001,4,22,Semi-Furnished,Covered,No,151.6
235,Mumbai,2808,5,21,Unfurnished,Covered,Yes,519.7
236,Bangalore,740,1,20,Semi-Furnished,Open,Yes,70.95
237,Delhi,3217,6,19,Fully-Furnished,Covered,Yes,336.22
238,Hyderabad,2896,5,14,Semi-Furnished,Covered,Yes,206.02
239,Ahmedabad,2125,4,22,Unfurnished,Covered,Yes,163.19
240,Bangalore,2089,3,27,Semi-Furnished,None,No,169.65
241,Pune,3667,6,15,Unfurnished,Open,Yes,248.41
242,Mumbai,661,1,4,Unfurnished,Open,Yes,160.18
243,Hyderabad,1842,4,20,Unfurnished,Open,Yes,131.59
244,Mumbai,805,1,14,Fully-Furnished,Covered,Yes,193.08
245,Pune,2590,4,16,Unfurnished,None,Yes,196.79
246,Mumbai,643,2,17,Unfurnished,None,No,156.88
247,Delhi,960,2,4,Unfurnished,Open,Yes,115.06
248,Hyderabad,3125,5,12,Fully-Furnished,None,Yes,230.1
249,Hyderabad,993,2,18,Semi-Furnished,Open,Yes,89.22
250,Pune,2226,4,29,Unfurnished,Covered,Yes,170.3
251,Ahmedabad,3629,6,12,Semi-Furnished,Open,Yes,283.3
252,Delhi,3687,6,17,Semi-Furnished,None,Yes,353.93
253,Bangalore,4473,6,13,Semi-Furnished,Open,Yes,423.25
254,Mumbai,533,1,29,Unfurnished,Open,Yes,115.34
255,Chennai,3538,5,3,Fully-Furnished,None,Yes,312.63
256,Mumbai,4319,6,3,Unfurnished,Covered,Yes,753.83
257,Mumbai,472,1,19,Semi-Furnished,Covered,No,110.23
258,Bangalore,3378,5,19,Unfurnished,Covered,Yes,305.29
259,Mumbai,2385,4,18,Unfurnished,Covered,Yes,422.83
260,Delhi,1192,2,12,Unfurnished,None,Yes,138.01
261,Delhi,494,1,11,Semi-Furnished,Covered,Yes,57.81
262,Hyderabad,1533,2,6,Unfurnished,Covered,Yes,119.25
263,Pune,637,1,24,Semi-Furnished,Covered,Yes,57.3
264,Ahmedabad,3346,5,11,Unfurnished,None,Yes,222.35
265,Chennai,2930,5,20,Semi-Furnished,Covered,Yes,211.08
266,Mumbai,2360,3,3,Fully-Furnished,Covered,No,406.84
267,Mumbai,1448,3,26,Semi-Furnished,Covered,Yes,281.51
268,Bangalore,2929,5,1,Semi-Furnished,None,Yes,230.44
269,Pune,3364,6,1,Semi-Furnished,Covered,Yes,295.56
270,Delhi,1363,3,4,Unfurnished,Covered,No,174.86
271,Chennai,936,1,22,Fully-Furnished,Covered,No,84.88
272,Hyderabad,4079,6,9,Unfurnished,Open,Yes,298.65
273,Delhi,4124,6,9,Semi-Furnished,Covered,Yes,451.67
274,Pune,942,2,8,Semi-Furnished,Open,Yes,105.98
275,Ahmedabad,1245,2,12,Unfurnished,Open,Yes,124.76
276,Hyderabad,4003,6,6,Unfurnished,Open,Yes,260.73
277,Ahmedabad,3436,6,4,Semi-Furnished,Covered,Yes,256.27
278,Bangalore,2894,5,25,Fully-Furnished,None,Yes,271.27
279,Bangalore,3119,6,9,Fully-Furnished,Open,No,293.55
280,Mumbai,2284,3,9,Semi-Furnished,Covered,No,440.08
281,Ahmedabad,3601,6,5,Semi-Furnished,Covered,Yes,339.63
282,Pune,3110,6,26,Fully-Furnished,Open,Yes,251.6
283,Chennai,2353,3,27,Unfurnished,Covered,No,166.38
284,Hyderabad,4250,6,18,Unfurnished,Covered,Yes,255.09
285,Delhi,1089,1,20,Semi-Furnished,None,Yes,140.32
286,Pune,2350,4,7,Fully-Furnished,Open,Yes,200.04
287,Pune,856,1,0,Fully-Furnished,None,Yes,93.26
288,Bangalore,2530,4,27,Semi-Furnished,Open,Yes,206.27
289,Ahmedabad,4376,6,16,Unfurnished,Open,Yes,295.43
290,Mumbai,1579,2,6,Semi-Furnished,Covered,Yes,293.04
291,Mumbai,3965,6,13,Unfurnished,Covered,Yes,661.04
292,Hyderabad,1282,3,20,Unfurnished,None,Yes,78.43
293,Bangalore,799,1,29,Semi-Furnished,None,Yes,64.56
294,Pune,1008,2,20,Unfurnished,Open,No,95.02
295,Chennai,2038,3,16,Fully-Furnished,Open,Yes,177.52
296,Bangalore,2548,4,8,Semi-Furnished,Open,Yes,252.34
297,Hyderabad,1782,2,16,Semi-Furnished,Covered,Yes,145.77
298,Hyderabad,1803,3,4,Unfurnished,Covered,Yes,166.46
299,Bangalore,1219,2,25,Unfurnished,Open,Yes,86.69
300,Hyderabad,3692,6,24,Unfurnished,Covered,Yes,215.35
301,Bangalore,1219,2,29,Fully-Furnished,Open,Yes,105.38
302,Delhi,819,1,30,Fully-Furnished,Covered,Yes,93.58
303,Bangalore,3702,6,19,Semi-Furnished,Open,Yes,305.47
304,Ahmedabad,1908,4,28,Unfurnished,None,Yes,133.49
305,Bangalore,1167,1,7,Fully-Furnished,Covered,Yes,132.08
306,Hyderabad,2444,5,5,Unfurnished,Open,Yes,181.68
307,Ahmedabad,2539,5,10,Unfurnished,Covered,Yes,190.28
308,Hyderabad,3429,6,30,Semi-Furnished,Open,Yes,177.13
309,Mumbai,1949,4,18,Fully-Furnished,None,Yes,336.64
310,Mumbai,2164,4,3,Unfurnished,None,Yes,385.22
311,Ahmedabad,3045,6,17,Unfurnished,Open,Yes,225.39
312,Delhi,4116,6,0,Fully-Furnished,Covered,Yes,373.75
313,Mumbai,2693,5,12,Unfurnished,Open,Yes,465.63
314,Bangalore,3108,6,13,Unfurnished,Covered,Yes,244.14
315,Hyderabad,1300,3,23,Semi-Furnished,Covered,Yes,99.64
316,Mumbai,3484,6,0,Fully-Furnished,Covered,No,548.65
317,Mumbai,2409,4,29,Semi-Furnished,Open,No,376.25
318,Delhi,641,1,28,Fully-Furnished,Covered,Yes,73.81
319,Ahmedabad,2785,4,10,Semi-Furnished,Open,Yes,214.12
320,Ahmedabad,1071,1,16,Unfurnished,Open,Yes,79.08
321,Pune,563,1,3,Fully-Furnished,None,Yes,80.39
322,Delhi,864,1,25,Semi-Furnished,Open,Yes,98.47
323,Bangalore,3442,5,11,Unfurnished,None,Yes,288.96
324,Ahmedabad,2842,4,9,Semi-Furnished,Covered,No,198.15
325,Hyderabad,2755,4,30,Unfurnished,Open,Yes,180.41
326,Delhi,2957,5,5,Unfurnished,Open,Yes,319.43
327,Mumbai,945,1,24,Unfurnished,Covered,Yes,194.41
328,Hyderabad,4235,6,0,Semi-Furnished,Open,Yes,345.93
329,Hyderabad,993,1,6,Fully-Furnished,Open,No,91.85
330,Mumbai,4204,6,25,Semi-Furnished,None,No,752.6
331,Delhi,1859,4,26,Fully-Furnished,Covered,No,194.48
332,Mumbai,3893,6,20,Unfurnished,None,Yes,719.59
333,Pune,3001,5,27,Unfurnished,Open,Yes,208.21
334,Hyderabad,2844,4,30,Unfurnished,Open,Yes,170.74
335,Chennai,3072,5,15,Unfurnished,Covered,Yes,239.42
336,Chennai,416,1,23,Unfurnished,Covered,Yes,41.87
337,Bangalore,3591,6,13,Semi-Furnished,Covered,Yes,332.06
338,Ahmedabad,792,1,22,Fully-Furnished,None,Yes,82.66
339,Mumbai,824,1,19,Fully-Furnished,Open,Yes,158.83
340,Mumbai,971,2,19,Unfurnished,Open,Yes,180.49
341,Bangalore,4031,6,5,Fully-Furnished,None,Yes,364.3
342,Bangalore,1520,3,21,Unfurnished,Open,Yes,125.25
343,Bangalore,641,1,24,Unfurnished,Open,Yes,79.6
344,Hyderabad,4297,6,27,Fully-Furnished,Open,Yes,301.14
345,Pune,4495,6,4,Semi-Furnished,Covered,Yes,358.34
346,Mumbai,2679,5,23,Unfurnished,Open,Yes,453.57
347,Hyderabad,1188,2,20,Semi-Furnished,Covered,No,84.1
348,Bangalore,1114,2,17,Unfurnished,Open,Yes,104.66
349,Mumbai,3249,5,14,Semi-Furnished,Open,Yes,587.31
350,Hyderabad,1175,2,5,Semi-Furnished,Open,Yes,95.82
351,Pune,4426,6,24,Fully-Furnished,None,No,315.63
352,Hyderabad,2647,5,28,Unfurnished,None,Yes,194.38
353,Pune,478,1,18,Unfurnished,Open,Yes,51.01
354,Bangalore,4326,6,0,Semi-Furnished,Covered,Yes,390.56
355,Pune,1255,2,0,Semi-Furnished,Covered,Yes,109.62
356,Mumbai,2548,4,12,Unfurnished,None,Yes,485.33
357,Bangalore,1431,2,2,Semi-Furnished,Covered,Yes,172.97
358,Mumbai,3671,6,9,Fully-Furnished,Covered,No,722.49
359,Chennai,3976,6,20,Fully-Furnished,Covered,No,307.61
360,Delhi,3856,6,2,Fully-Furnished,Covered,Yes,454.41
361,Pune,3906,6,8,Fully-Furnished,Open,Yes,322.48
362,Delhi,807,1,7,Semi-Furnished,Open,Yes,111.55
363,Delhi,3111,6,2,Fully-Furnished,Open,No,293.82
364,Pune,3488,6,24,Unfurnished,Open,Yes,273.98
365,Bangalore,2068,3,30,Unfurnished,Open,No,181.0
366,Chennai,547,1,12,Unfurnished,Open,Yes,50.61
367,Mumbai,4297,6,5,Semi-Furnished,Covered,Yes,696.2
368,Hyderabad,2350,4,12,Unfurnished,Covered,No,163.23
369,Mumbai,765,2,22,Fully-Furnished,Covered,Yes,177.69
370,Hyderabad,2074,4,19,Unfurnished,Covered,Yes,157.52
371,Mumbai,2946,5,19,Unfurnished,Covered,Yes,503.91
372,Pune,962,2,11,Semi-Furnished,None,Yes,106.72
373,Chennai,3962,6,12,Unfurnished,Open,Yes,252.53
374,Hyderabad,2889,4,1,Unfurnished,Open,Yes,231.71
375,Ahmedabad,1172,2,20,Unfurnished,Covered,Yes,90.49
376,Bangalore,2437,4,23,Semi-Furnished,Open,No,164.24
377,Mumbai,3823,6,22,Semi-Furnished,Covered,No,656.09
378,Mumbai,2967,5,15,Semi-Furnished,None,Yes,519.87
379,Hyderabad,1973,4,22,Semi-Furnished,Open,Yes,125.01
380,Bangalore,4094,6,5,Semi-Furnished,Covered,Yes,299.23
381,Bangalore,3691,6,18,Unfurnished,None,Yes,307.36
382,Pune,1646,2,20,Unfurnished,Open,Yes,139.44
383,Ahmedabad,4119,6,12,Semi-Furnished,Open,No,310.71
384,Pune,4239,6,16,Unfurnished,Open,No,310.49
385,Pune,759,2,22,Unfurnished,Covered,Yes,72.33
386,Pune,2776,5,8,Semi-Furnished,Open,Yes,231.46
387,Pune,3409,5,16,Semi-Furnished,Open,Yes,230.18
388,Pune,3393,5,28,Unfurnished,None,Yes,214.52
389,Chennai,1362,3,1,Unfurnished,Covered,Yes,124.39
390,Bangalore,4032,6,18,Fully-Furnished,Open,Yes,341.8
391,Pune,2227,3,18,Fully-Furnished,Covered,Yes,205.49
392,Bangalore,2013,4,23,Semi-Furnished,Covered,Yes,197.11
393,Bangalore,2040,3,6,Semi-Furnished,Open,No,193.01
394,Delhi,2616,5,21,Semi-Furnished,Covered,Yes,258.69
395,Chennai,777,2,30,Fully-Furnished,Covered,Yes,63.91
396,Pune,769,1,9,Fully-Furnished,Open,Yes,88.32
397,Mumbai,2596,4,9,Unfurnished,None,No,471.74
398,Hyderabad,4147,6,26,Fully-Furnished,Covered,Yes,215.21
399,Ahmedabad,1051,2,19,Unfurnished,Covered,Yes,83.59
400,Mumbai,1169,2,8,Unfurnished,Open,No,213.13
401,Chennai,2821,5,16,Semi-Furnished,Open,Yes,218.29
402,Hyderabad,1180,2,26,Semi-Furnished,Covered,Yes,80.25
403,Chennai,2116,3,14,Fully-Furnished,Covered,Yes,175.48
404,Bangalore,4383,6,1,Unfurnished,Covered,No,353.41
405,Hyderabad,1711,3,30,Semi-Furnished,Open,Yes,112.74
406,Bangalore,3759,6,29,Fully-Furnished,Covered,No,284.94
407,Mumbai,922,1,3,Fully-Furnished,Open,Yes,200.41
408,Mumbai,921,2,18,Unfurnished,Open,Yes,172.1
409,Hyderabad,2720,5,16,Unfurnished,Covered,Yes,199.24
410,Hyderabad,1335,2,4,Semi-Furnished,Covered,Yes,121.24
411,Pune,2630,5,6,Unfurnished,Open,Yes,201.72
412,Chennai,4440,6,17,Fully-Furnished,Open,Yes,378.38
413,Pune,4097,6,20,Fully-Furnished,Covered,Yes,317.6
414,Chennai,3237,6,21,Unfurnished,Open,Yes,272.91
415,Pune,4483,6,26,Unfurnished,Covered,No,300.01
416,Bangalore,2861,5,6,Unfurnished,Covered,Yes,206.35
417,Hyderabad,3643,6,16,Fully-Furnished,None,No,253.36
418,Mumbai,3759,6,6,Unfurnished,Covered,Yes,687.68
419,Chennai,1085,2,3,Semi-Furnished,Covered,No,104.06
420,Chennai,2560,4,7,Semi-Furnished,Covered,No,184.35
421,Mumbai,4388,6,12,Semi-Furnished,Covered,Yes,767.62
422,Pune,4466,6,3,Unfurnished,Covered,No,320.62
423,Chennai,1967,4,5,Unfurnished,None,Yes,154.79
424,Ahmedabad,438,1,24,Fully-Furnished,Open,No,54.29
425,Bangalore,2944,5,4,Fully-Furnished,Covered,No,270.78
426,Hyderabad,1656,2,29,Semi-Furnished,Open,Yes,114.61
427,Mumbai,3390,6,11,Unfurnished,None,Yes,588.42
428,Hyderabad,2596,4,3,Unfurnished,Covered,Yes,184.95
429,Ahmedabad,3868,6,23,Semi-Furnished,Covered,Yes,254.22
430,Chennai,3108,6,28,Unfurnished,None,Yes,212.42
431,Chennai,701,2,8,Fully-Furnished,Covered,Yes,58.67
432,Ahmedabad,1046,1,3,Semi-Furnished,Covered,Yes,99.16
433,Mumbai,2159,3,18,Unfurnished,Open,No,370.39
434,Bangalore,997,2,23,Fully-Furnished,Covered,Yes,113.57
435,Delhi,1061,1,13,Fully-Furnished,Open,No,119.19
436,Mumbai,1768,3,4,Unfurnished,None,No,335.26
437,Delhi,2981,5,17,Semi-Furnished,Open,Yes,231.46
438,Ahmedabad,4268,6,9,Unfurnished,Open,Yes,313.08
439,Pune,3937,6,24,Unfurnished,Open,Yes,246.99
440,Delhi,682,2,18,Unfurnished,Covered,Yes,77.69
441,Bangalore,4078,6,11,Semi-Furnished,Covered,Yes,346.88
442,Pune,1886,4,17,Fully-Furnished,Open,Yes,188.25
443,Delhi,4482,6,16,Semi-Furnished,Covered,No,426.01
444,Ahmedabad,860,2,29,Unfurnished,None,Yes,64.59
445,Pune,2725,4,23,Semi-Furnished,None,Yes,209.3
446,Ahmedabad,4154,6,10,Unfurnished,Covered,Yes,288.85
447,Delhi,2868,5,2,Fully-Furnished,None,No,274.07
448,Ahmedabad,2124,4,22,Semi-Furnished,Open,No,164.59
449,Bangalore,1776,3,16,Unfurnished,Covered,No,133.11
450,Delhi,3143,6,0,Unfurnished,Open,Yes,341.96
451,Delhi,914,2,14,Semi-Furnished,Covered,Yes,111.94
452,Delhi,1102,2,27,Unfurnished,Open,No,115.36
453,Mumbai,2053,4,8,Semi-Furnished,None,Yes,428.77
454,Mumbai,2466,5,14,Unfurnished,Open,Yes,376.57
455,Mumbai,422,1,27,Unfurnished,Open,Yes,96.62
456,Bangalore,2860,5,23,Semi-Furnished,Open,Yes,224.49
457,Pune,1704,2,27,Fully-Furnished,Open,Yes,112.75
458,Ahmedabad,3700,6,28,Fully-Furnished,Covered,Yes,251.03
459,Chennai,761,2,2,Unfurnished,Covered,Yes,104.58
460,Delhi,4127,6,21,Unfurnished,Open,Yes,411.47
461,Ahmedabad,1684,2,26,Unfurnished,Open,Yes,144.2
462,Delhi,914,2,18,Semi-Furnished,Open,Yes,117.94
463,Bangalore,848,1,12,Semi-Furnished,Covered,Yes,87.26
464,Delhi,2255,4,11,Fully-Furnished,Covered,Yes,237.94
465,Mumbai,3962,6,19,Fully-Furnished,Open,Yes,741.67
466,Chennai,2920,4,0,Unfurnished,Covered,Yes,240.23
467,Hyderabad,3481,6,20,Semi-Furnished,Open,Yes,224.05
468,Delhi,1828,3,16,Fully-Furnished,None,Yes,167.09
469,Ahmedabad,4367,6,12,Fully-Furnished,None,Yes,437.29
470,Mumbai,1322,3,0,Unfurnished,Open,No,258.6
471,Hyderabad,3537,6,9,Unfurnished,Open,Yes,237.02
472,Chennai,2559,5,14,Semi-Furnished,None,Yes,201.06
473,Hyderabad,2947,5,26,Unfurnished,Covered,Yes,191.88
474,Mumbai,3379,5,26,Unfurnished,Open,No,564.9
475,Pune,2681,4,29,Unfurnished,Open,Yes,224.07
476,Pune,3049,6,6,Semi-Furnished,Open,Yes,253.41
477,Hyderabad,713,1,27,Unfurnished,None,Yes,38.62
478,Bangalore,3013,5,21,Unfurnished,Open,Yes,249.07
479,Ahmedabad,3483,6,17,Unfurnished,Open,Yes,246.68
480,Ahmedabad,2656,4,15,Fully-Furnished,Open,Yes,242.73
481,Hyderabad,1437,2,13,Fully-Furnished,None,Yes,127.43
482,Delhi,3889,6,26,Semi-Furnished,Open,Yes,372.85
483,Delhi,3034,5,27,Semi-Furnished,None,No,240.81
484,Ahmedabad,4383,6,17,Fully-Furnished,Covered,Yes,291.47
485,Ahmedabad,2178,3,26,Unfurnished,Covered,Yes,160.77
486,Pune,4295,6,6,Unfurnished,None,No,329.08
487,Bangalore,1524,2,16,Unfurnished,Open,No,124.05
488,Mumbai,1097,1,28,Unfurnished,None,No,186.73
489,Delhi,2579,5,17,Unfurnished,Open,No,230.21
490,Ahmedabad,1804,4,11,Fully-Furnished,Open,No,154.08
491,Pune,1443,3,7,Semi-Furnished,Open,Yes,101.73
492,Chennai,2329,4,21,Semi-Furnished,Open,No,149.44
493,Pune,1413,2,30,Fully-Furnished,Covered,No,106.71
494,Delhi,626,1,29,Unfurnished,Open,Yes,74.0
495,Delhi,2228,3,1,Unfurnished,Open,Yes,213.59
496,Pune,2423,5,6,Semi-Furnished,Open,No,203.3
497,Mumbai,2852,4,3,Semi-Furnished,Covered,Yes,539.47
498,Hyderabad,2485,4,17,Unfurnished,Covered,No,186.5
499,Delhi,1480,3,27,Semi-Furnished,Open,Yes,172.42
500,Pune,2720,5,5,Semi-Furnished,Covered,Yes,233.64
501,Ahmedabad,3590,5,26,Semi-Furnished,Open,Yes,246.62
502,Pune,3030,6,30,Semi-Furnished,Covered,Yes,223.46
503,Bangalore,2963,4,8,Unfurnished,Covered,Yes,254.13
504,Hyderabad,3692,6,26,Unfurnished,None,Yes,227.26
505,Chennai,3986,6,8,Semi-Furnished,Covered,Yes,321.09
506,Mumbai,3347,5,13,Unfurnished,Open,Yes,616.71
507,Chennai,4359,6,7,Fully-Furnished,Open,Yes,351.37
508,Hyderabad,3213,6,30,Semi-Furnished,Open,Yes,240.84
509,Hyderabad,2983,4,18,Unfurnished,Covered,Yes,238.74
510,Hyderabad,561,1,2,Semi-Furnished,Open,Yes,64.06
511,Chennai,993,1,17,Semi-Furnished,None,Yes,89.72
512,Ahmedabad,3659,6,4,Unfurnished,Covered,Yes,274.89
513,Hyderabad,3362,5,13,Fully-Furnished,None,Yes,266.02
514,Pune,4288,6,27,Fully-Furnished,None,Yes,363.68
515,Chennai,3790,6,29,Semi-Furnished,Open,Yes,297.29
516,Hyderabad,1063,1,3,Unfurnished,Open,No,82.84
517,Pune,1532,3,6,Semi-Furnished,Open,No,124.84
518,Ahmedabad,941,1,19,Semi-Furnished,None,No,64.76
519,Bangalore,3374,5,24,Unfurnished,Covered,Yes,280.25
520,Ahmedabad,1267,2,27,Unfurnished,Covered,Yes,113.13
521,Hyderabad,2466,4,11,Fully-Furnished,Open,Yes,179.92
522,Chennai,831,1,1,Unfurnished,Open,Yes,87.27
523,Delhi,1606,2,10,Semi-Furnished,Open,No,179.45
524,Hyderabad,2928,4,13,Semi-Furnished,Covered,Yes,201.63
525,Delhi,1569,3,21,Semi-Furnished,None,Yes,185.03
526,Pune,1230,2,30,Unfurnished,None,Yes,62.51
527,Bangalore,2051,4,22,Fully-Furnished,Covered,No,162.35
528,Mumbai,1536,3,15,Unfurnished,Open,No,256.54
529,Ahmedabad,3210,6,19,Semi-Furnished,Open,Yes,224.98
530,Bangalore,875,1,28,Semi-Furnished,Covered,No,81.5
531,Hyderabad,3210,6,5,Semi-Furnished,Covered,Yes,245.86
532,Delhi,1726,3,22,Fully-Furnished,Open,No,183.43
533,Ahmedabad,1419,2,3,Semi-Furnished,Covered,No,134.29
534,Delhi,2236,3,14,Unfurnished,None,No,189.76
535,Chennai,2848,5,23,Fully-Furnished,Covered,Yes,195.93
536,Delhi,1683,2,24,Semi-Furnished,Open,Yes,175.14
537,Chennai,1059,1,0,Unfurnished,Covered,Yes,93.99
538,Pune,2410,4,6,Unfurnished,Covered,Yes,171.58
539,Ahmedabad,798,1,24,Fully-Furnished,Covered,No,83.03
540,Ahmedabad,2133,4,30,Unfurnished,Covered,Yes,180.65
541,Mumbai,2525,4,11,Semi-Furnished,Open,Yes,537.52
542,Hyderabad,2571,4,9,Semi-Furnished,Open,Yes,189.54
543,Chennai,474,1,4,Unfurnished,Open,Yes,59.4
544,Mumbai,3871,6,11,Semi-Furnished,Covered,Yes,784.17
545,Delhi,1236,3,17,Unfurnished,Covered,Yes,130.97
546,Delhi,899,1,9,Semi-Furnished,Open,Yes,123.34
547,Mumbai,537,1,5,Semi-Furnished,Covered,Yes,152.72
548,Ahmedabad,2497,5,27,Semi-Furnished,Covered,No,201.05
549,Delhi,4096,6,11,Semi-Furnished,Covered,Yes,410.57
550,Pune,2285,3,6,Fully-Furnished,Covered,No,218.84
551,Pune,3157,6,17,Semi-Furnished,Open,Yes,260.43
552,Mumbai,4320,6,1,Unfurnished,None,Yes,644.88
553,Chennai,2300,3,9,Unfurnished,None,Yes,198.16
554,Chennai,3010,6,14,Semi-Furnished,Open,Yes,211.39
555,Mumbai,4386,6,29,Fully-Furnished,Covered,Yes,858.65
556,Chennai,1849,3,11,Fully-Furnished,Covered,Yes,160.39
557,Ahmedabad,946,2,25,Fully-Furnished,Covered,Yes,102.98
558,Ahmedabad,2403,4,16,Unfurnished,Covered,Yes,208.55
559,Chennai,2496,4,3,Semi-Furnished,None,Yes,208.48
560,Pune,1103,1,6,Semi-Furnished,None,Yes,105.81
561,Chennai,2803,5,29,Unfurnished,None,Yes,204.63
562,Ahmedabad,2025,4,8,Unfurnished,Open,No,126.26
563,Bangalore,3731,6,30,Fully-Furnished,Open,Yes,318.91
564,Hyderabad,3378,5,18,Unfurnished,None,Yes,197.19
565,Delhi,3239,6,27,Unfurnished,Open,No,298.54
566,Bangalore,3784,6,26,Unfurnished,None,Yes,272.56
567,Chennai,3059,6,22,Fully-Furnished,Covered,No,202.69
568,Pune,2261,3,6,Semi-Furnished,Open,Yes,220.75
569,Mumbai,3256,6,22,Semi-Furnished,Open,No,610.81
570,Chennai,1085,2,1,Fully-Furnished,Open,Yes,113.67
571,Pune,2019,3,5,Unfurnished,Covered,No,168.29
572,Hyderabad,1831,3,17,Semi-Furnished,Open,Yes,129.13
573,Chennai,1275,2,5,Unfurnished,Open,Yes,115.98
574,Ahmedabad,2861,5,12,Unfurnished,Covered,Yes,208.59
575,Mumbai,1765,2,25,Fully-Furnished,Open,Yes,365.64
576,Pune,1643,2,18,Semi-Furnished,Covered,Yes,134.47
577,Pune,562,1,29,Unfurnished,Open,Yes,39.56
578,Pune,2374,3,1,Unfurnished,Open,No,187.92
579,Hyderabad,3691,6,11,Semi-Furnished,None,Yes,240.27
580,Chennai,669,1,14,Unfurnished,Covered,No,62.94
581,Hyderabad,1031,2,13,Unfurnished,Open,Yes,75.81
582,Delhi,1305,3,5,Unfurnished,None,No,149.07
583,Delhi,3871,6,17,Unfurnished,Open,No,394.89
584,Chennai,3653,6,4,Fully-Furnished,Open,Yes,268.93
585,Ahmedabad,2414,5,17,Unfurnished,None,No,173.94
586,Hyderabad,2041,3,2,Unfurnished,Covered,No,155.51
587,Mumbai,604,1,2,Semi-Furnished,Covered,Yes,154.65
588,Pune,981,1,21,Fully-Furnished,None,Yes,91.16
589,Pune,1240,3,21,Unfurnished,Open,Yes,108.39
590,Chennai,2119,3,9,Unfurnished,Covered,No,177.27
591,Ahmedabad,3043,5,18,Unfurnished,Open,Yes,212.25
592,Delhi,2697,4,2,Semi-Furnished,Open,Yes,254.07
593,Delhi,1274,3,28,Semi-Furnished,Open,Yes,130.8
594,Pune,1089,2,11,Fully-Furnished,Covered,Yes,102.41
595,Chennai,4400,6,28,Fully-Furnished,Covered,No,322.85
596,Hyderabad,3541,5,15,Semi-Furnished,Covered,No,206.6
597,Delhi,1822,4,16,Semi-Furnished,None,Yes,238.22
598,Hyderabad,1071,1,6,Semi-Furnished,Open,Yes,100.94
599,Ahmedabad,1571,2,12,Unfurnished,Covered,Yes,130.01
600,Delhi,4126,6,23,Fully-Furnished,None,Yes,430.96
601,Delhi,1343,2,1,Unfurnished,Covered,Yes,132.28
602,Bangalore,1849,4,3,Unfurnished,Covered,Yes,228.84
603,Delhi,4137,6,9,Semi-Furnished,None,Yes,378.18
604,Mumbai,2939,5,6,Unfurnished,Covered,Yes,531.17
605,Chennai,4359,6,23,Semi-Furnished,Open,Yes,253.24
606,Chennai,2761,4,16,Semi-Furnished,Covered,Yes,222.26
607,Hyderabad,4052,6,19,Semi-Furnished,Open,No,230.04
608,Ahmedabad,4070,6,5,Fully-Furnished,Open,Yes,321.6
609,Delhi,2153,3,18,Unfurnished,Covered,Yes,204.37
610,Mumbai,2752,5,4,Semi-Furnished,Covered,No,437.73
611,Hyderabad,2338,3,9,Semi-Furnished,None,Yes,152.93
612,Bangalore,770,2,8,Semi-Furnished,Open,Yes,93.95
613,Hyderabad,2331,4,26,Semi-Furnished,None,Yes,135.86
614,Hyderabad,824,2,12,Unfurnished,Open,Yes,63.84
615,Delhi,1294,2,18,Semi-Furnished,Open,No,143.02
616,Bangalore,997,1,20,Unfurnished,Open,Yes,112.2
617,Hyderabad,3462,5,23,Fully-Furnished,Open,Yes,248.64
618,Mumbai,2736,5,5,Unfurnished,None,Yes,454.34
619,Mumbai,2087,3,3,Semi-Furnished,None,Yes,381.98
620,Chennai,972,1,23,Unfurnished,None,No,66.13
621,Bangalore,2490,5,26,Unfurnished,Open,No,193.49
622,Bangalore,4069,6,2,Semi-Furnished,Covered,Yes,392.94
623,Chennai,2033,4,2,Fully-Furnished,None,Yes,182.79
624,Hyderabad,1917,4,3,Semi-Furnished,Covered,Yes,171.84
625,Bangalore,3057,6,24,Fully-Furnished,Covered,Yes,266.24
626,Mumbai,4048,6,4,Semi-Furnished,Covered,Yes,819.34
627,Mumbai,3988,6,7,Semi-Furnished,Covered,Yes,699.63
628,Delhi,1937,4,15,Unfurnished,Covered,Yes,184.83
629,Bangalore,3537,5,21,Fully-Furnished,None,No,350.45
630,Hyderabad,497,1,2,Unfurnished,Open,Yes,44.41
631,Chennai,3615,6,30,Fully-Furnished,Covered,Yes,249.82
632,Chennai,4150,6,23,Fully-Furnished,Open,Yes,286.0
633,Hyderabad,3557,5,11,Fully-Furnished,Covered,No,306.25
634,Ahmedabad,743,2,24,Semi-Furnished,None,Yes,78.57
635,Pune,1010,2,7,Semi-Furnished,Covered,Yes,119.54
636,Delhi,2127,3,12,Semi-Furnished,Open,Yes,212.76
637,Chennai,2690,5,3,Unfurnished,Open,No,252.25
638,Bangalore,2254,3,13,Semi-Furnished,Open,Yes,208.35
639,Delhi,3008,5,13,Unfurnished,Covered,Yes,329.92
640,Bangalore,2479,5,12,Semi-Furnished,Covered,No,223.88
641,Ahmedabad,2724,4,26,Unfurnished,Open,No,184.72
642,Mumbai,1577,2,5,Unfurnished,Covered,Yes,303.54
643,Delhi,1491,2,16,Unfurnished,Open,Yes,150.58
644,Chennai,3191,6,3,Semi-Furnished,None,Yes,267.4
645,Delhi,2149,3,7,Semi-Furnished,None,Yes,232.21
646,Delhi,3075,6,16,Unfurnished,None,No,286.3
647,Delhi,1181,2,2,Semi-Furnished,Open,Yes,166.63
648,Pune,3448,5,16,Unfurnished,Open,No,178.17
649,Delhi,2505,4,8,Semi-Furnished,Covered,Yes,276.99
650,Bangalore,4267,6,1,Semi-Furnished,Covered,Yes,402.76
651,Mumbai,2513,5,24,Semi-Furnished,None,Yes,506.5
652,Ahmedabad,4370,6,12,Semi-Furnished,Open,Yes,321.93
653,Hyderabad,2391,3,19,Unfurnished,Open,Yes,161.1
654,Delhi,1467,3,1,Semi-Furnished,Open,Yes,190.98
655,Chennai,1977,4,19,Semi-Furnished,None,Yes,176.67
656,Delhi,1411,3,27,Semi-Furnished,None,Yes,140.83
657,Chennai,2674,5,10,Semi-Furnished,Covered,Yes,221.47
658,Bangalore,2214,4,26,Unfurnished,Covered,Yes,222.17
659,Chennai,2826,4,25,Semi-Furnished,None,Yes,159.24
660,Hyderabad,2951,5,21,Semi-Furnished,Open,Yes,188.18
661,Mumbai,4057,6,14,Unfurnished,Open,Yes,810.65
662,Chennai,407,1,10,Unfurnished,Covered,Yes,56.4
663,Chennai,2955,4,22,Unfurnished,Open,Yes,220.64
664,Mumbai,875,2,2,Fully-Furnished,None,Yes,200.23
665,Hyderabad,2611,5,2,Semi-Furnished,Covered,Yes,184.78
666,Delhi,884,1,27,Unfurnished,Open,No,80.09
667,Chennai,2685,5,25,Unfurnished,Open,Yes,224.44
668,Mumbai,3925,6,11,Semi-Furnished,Open,Yes,650.38
669,Bangalore,3739,6,23,Fully-Furnished,Open,Yes,324.91
670,Mumbai,3222,6,4,Unfurnished,Open,No,514.19
671,Bangalore,3324,5,19,Unfurnished,Open,Yes,301.11
672,Hyderabad,658,1,6,Fully-Furnished,Open,Yes,68.93
673,Delhi,682,1,6,Unfurnished,None,Yes,87.09
674,Mumbai,2298,3,12,Unfurnished,Covered,Yes,352.01
675,Ahmedabad,3376,6,8,Fully-Furnished,None,No,215.67
676,Ahmedabad,2667,4,24,Semi-Furnished,None,Yes,196.31
677,Pune,3600,6,20,Unfurnished,Covered,Yes,244.11
678,Chennai,1012,2,12,Unfurnished,Covered,No,105.46
679,Hyderabad,1087,2,11,Unfurnished,Covered,Yes,70.84
680,Mumbai,4090,6,12,Unfurnished,Open,Yes,656.77
681,Ahmedabad,1012,2,23,Fully-Furnished,Open,Yes,93.94
682,Chennai,2707,4,9,Semi-Furnished,Covered,Yes,206.6
683,Ahmedabad,3413,5,0,Semi-Furnished,Covered,Yes,243.59
684,Mumbai,2181,3,24,Fully-Furnished,Open,Yes,364.53
685,Bangalore,2991,4,7,Semi-Furnished,Covered,Yes,241.95
686,Mumbai,3096,6,21,Unfurnished,None,No,506.64
687,Pune,4358,6,15,Semi-Furnished,Covered,No,389.96
688,Mumbai,974,2,12,Fully-Furnished,Covered,Yes,224.86
689,Mumbai,2310,4,2,Fully-Furnished,Covered,Yes,503.62
690,Pune,4004,6,2,Unfurnished,Covered,No,324.31
691,Hyderabad,1069,1,23,Semi-Furnished,Covered,Yes,87.98
692,Mumbai,1683,2,4,Semi-Furnished,None,Yes,236.06
693,Pune,1323,2,25,Fully-Furnished,Open,Yes,109.94
694,Chennai,1525,3,10,Unfurnished,None,Yes,139.5
695,Bangalore,1929,4,29,Semi-Furnished,Open,Yes,158.23
696,Bangalore,1994,3,6,Fully-Furnished,Covered,No,223.23
697,Mumbai,646,2,20,Semi-Furnished,Open,Yes,175.93
698,Hyderabad,4111,6,23,Semi-Furnished,Open,No,246.57
699,Hyderabad,1960,4,9,Unfurnished,Open,Yes,138.21
700,Chennai,2800,4,9,Unfurnished,Covered,No,184.04
701,Mumbai,2643,5,19,Unfurnished,None,Yes,443.98
702,Bangalore,4264,6,1,Fully-Furnished,Open,Yes,332.03
703,Hyderabad,2339,3,2,Unfurnished,None,Yes,174.16
704,Mumbai,3469,6,7,Semi-Furnished,Covered,Yes,538.04
705,Ahmedabad,626,2,30,Semi-Furnished,None,Yes,57.41
706,Hyderabad,3947,6,10,Unfurnished,Covered,Yes,289.13
707,Pune,664,2,12,Semi-Furnished,Open,Yes,60.03
708,Ahmedabad,1795,3,6,Semi-Furnished,None,Yes,175.72
709,Hyderabad,3957,6,12,Fully-Furnished,Covered,Yes,298.1
710,Bangalore,1045,1,1,Semi-Furnished,None,Yes,120.04
711,Delhi,3390,5,5,Semi-Furnished,Open,Yes,314.58
712,Ahmedabad,2299,3,8,Unfurnished,None,No,179.03
713,Chennai,2904,5,30,Fully-Furnished,Open,Yes,240.94
714,Chennai,3172,6,19,Unfurnished,Open,No,220.92
715,Bangalore,1554,2,24,Semi-Furnished,Open,Yes,163.3
716,Hyderabad,987,1,1,Unfurnished,None,Yes,81.72
717,Mumbai,2221,3,17,Fully-Furnished,Open,Yes,462.71
718,Hyderabad,1385,3,15,Semi-Furnished,Covered,Yes,115.83
719,Bangalore,4479,6,24,Semi-Furnished,Covered,Yes,393.83
720,Chennai,3748,6,11,Unfurnished,Open,Yes,230.94
721,Hyderabad,4231,6,6,Semi-Furnished,Open,Yes,303.72
722,Chennai,1641,2,6,Semi-Furnished,Open,Yes,127.11
723,Ahmedabad,589,1,16,Semi-Furnished,Open,Yes,56.26
724,Mumbai,1380,3,12,Unfurnished,None,Yes,319.87
725,Ahmedabad,2098,4,10,Fully-Furnished,Open,Yes,177.64
726,Chennai,2115,4,5,Fully-Furnished,Open,Yes,165.22
727,Chennai,2993,4,28,Unfurnished,Open,Yes,199.6
728,Delhi,1498,3,22,Fully-Furnished,Open,Yes,144.54
729,Delhi,2726,5,26,Semi-Furnished,Covered,Yes,310.08
730,Ahmedabad,3647,6,13,Semi-Furnished,None,Yes,256.37
731,Pune,1295,2,5,Unfurnished,Covered,Yes,126.23
732,Ahmedabad,2074,4,5,Semi-Furnished,Covered,Yes,205.62
733,Delhi,3309,6,1,Semi-Furnished,Open,Yes,324.1
734,Chennai,1330,3,21,Semi-Furnished,Open,Yes,115.01
735,Bangalore,1123,2,19,Semi-Furnished,Open,Yes,97.4
736,Ahmedabad,3340,5,24,Semi-Furnished,None,Yes,302.13
737,Chennai,1489,2,14,Semi-Furnished,Open,Yes,132.22
738,Bangalore,1335,2,27,Unfurnished,Covered,Yes,114.15
739,Bangalore,2695,5,16,Fully-Furnished,None,No,214.85
740,Delhi,555,1,28,Semi-Furnished,Open,Yes,65.4
741,Ahmedabad,1470,2,7,Unfurnished,Covered,Yes,123.34
742,Hyderabad,2358,3,4,Unfurnished,Covered,Yes,206.44
743,Mumbai,2901,5,16,Semi-Furnished,Open,Yes,460.06
744,Delhi,4230,6,19,Fully-Furnished,Covered,No,400.53
745,Delhi,1254,2,0,Unfurnished,Open,Yes,147.07
746,Hyderabad,1039,1,21,Semi-Furnished,None,No,68.53
747,Mumbai,2638,4,17,Unfurnished,Open,Yes,467.47
748,Chennai,2002,4,14,Semi-Furnished,Open,Yes,159.74
749,Pune,841,2,4,Fully-Furnished,Covered,Yes,111.27
750,Ahmedabad,1736,3,6,Semi-Furnished,None,Yes,157.47
751,Pune,4100,6,17,Unfurnished,Open,Yes,326.99
752,Chennai,1348,3,5,Semi-Furnished,Open,Yes,86.22
753,Delhi,3773,6,21,Unfurnished,Open,Yes,368.83
754,Mumbai,859,1,20,Semi-Furnished,None,No,143.4
755,Delhi,792,1,4,Semi-Furnished,Open,Yes,113.08
756,Bangalore,4338,6,29,Semi-Furnished,Covered,Yes,410.19
757,Delhi,2187,3,18,Unfurnished,Open,Yes,194.89
758,Delhi,2657,5,30,Fully-Furnished,Open,Yes,258.25
759,Chennai,1538,2,9,Semi-Furnished,Open,Yes,120.5
760,Chennai,4208,6,14,Unfurnished,Open,Yes,341.27
761,Chennai,2854,4,9,Semi-Furnished,Open,Yes,221.58
762,Pune,1866,3,26,Semi-Furnished,Covered,Yes,176.7
763,Bangalore,4074,6,15,Semi-Furnished,Covered,Yes,364.31
764,Chennai,1777,3,11,Semi-Furnished,Open,Yes,149.29
765,Mumbai,2997,4,17,Semi-Furnished,Open,No,512.42
766,Pune,541,1,22,Unfurnished,Covered,Yes,54.03
767,Hyderabad,3059,6,0,Fully-Furnished,Open,Yes,196.28
768,Mumbai,1239,2,15,Semi-Furnished,Open,Yes,252.93
769,Ahmedabad,4018,6,21,Unfurnished,Open,No,273.35
770,Ahmedabad,4317,6,5,Semi-Furnished,Covered,Yes,354.77
771,Mumbai,995,1,2,Fully-Furnished,Open,Yes,222.18
772,Chennai,2304,4,1,Fully-Furnished,Covered,Yes,182.01
773,Hyderabad,680,1,27,Unfurnished,Covered,Yes,48.13
774,Hyderabad,823,1,1,Unfurnished,Open,Yes,65.98
775,Pune,2150,4,29,Semi-Furnished,Covered,Yes,138.67
776,Hyderabad,2367,3,12,Unfurnished,Covered,Yes,178.62
777,Ahmedabad,4488,6,8,Fully-Furnished,Open,Yes,361.99
778,Bangalore,3346,6,15,Unfurnished,None,Yes,298.08
779,Chennai,1849,4,26,Unfurnished,None,No,144.84
780,Hyderabad,2731,4,4,Semi-Furnished,Open,Yes,186.24
781,Pune,2620,5,22,Unfurnished,Open,Yes,175.18
782,Ahmedabad,4189,6,27,Semi-Furnished,Open,Yes,297.93
783,Bangalore,3210,6,20,Semi-Furnished,None,Yes,266.25
784,Delhi,1931,4,6,Unfurnished,Covered,Yes,193.93
785,Delhi,3390,6,12,Unfurnished,Open,No,315.06
786,Bangalore,1543,2,19,Semi-Furnished,Open,No,124.69
787,Ahmedabad,1333,2,23,Unfurnished,Open,Yes,82.79
788,Pune,1860,4,28,Semi-Furnished,Open,Yes,142.02
789,Bangalore,3123,6,26,Semi-Furnished,Open,Yes,236.22
790,Chennai,2912,4,29,Semi-Furnished,Open,Yes,211.13
791,Chennai,685,1,25,Fully-Furnished,None,Yes,57.98
792,Delhi,664,1,12,Fully-Furnished,Covered,Yes,111.45
793,Hyderabad,2767,5,26,Fully-Furnished,Covered,Yes,230.75
794,Pune,3847,6,25,Unfurnished,Open,Yes,309.55
795,Delhi,2162,4,6,Unfurnished,Covered,Yes,195.31
796,Hyderabad,3448,5,9,Unfurnished,Covered,Yes,275.97
797,Hyderabad,2781,5,14,Fully-Furnished,None,Yes,235.5
798,Chennai,2669,5,20,Fully-Furnished,Covered,Yes,214.75
799,Ahmedabad,440,1,26,Fully-Furnished,Covered,Yes,62.54
800,Mumbai,467,1,5,Unfurnished,Open,Yes,121.08
801,Ahmedabad,1387,2,4,Fully-Furnished,None,Yes,106.77
802,Mumbai,4408,6,22,Semi-Furnished,None,Yes,701.04
803,Bangalore,3598,6,27,Unfurnished,None,Yes,343.93
804,Chennai,2924,5,1,Semi-Furnished,Covered,No,193.7
805,Hyderabad,1485,2,20,Unfurnished,Open,Yes,100.45
806,Pune,2879,5,14,Semi-Furnished,Covered,Yes,239.1
807,Mumbai,2093,4,25,Unfurnished,Covered,Yes,364.54
808,Ahmedabad,2715,5,15,Semi-Furnished,Covered,No,197.72
809,Hyderabad,1178,1,30,Semi-Furnished,Covered,Yes,80.15
810,Mumbai,1985,4,18,Fully-Furnished,None,No,341.04
811,Mumbai,1892,3,8,Semi-Furnished,Open,Yes,312.0
812,Mumbai,1060,1,28,Semi-Furnished,Covered,No,205.94
813,Pune,1748,2,21,Fully-Furnished,None,Yes,159.08
814,Chennai,1699,2,28,Fully-Furnished,None,Yes,138.71
815,Pune,4340,6,25,Unfurnished,Covered,No,286.83
816,Delhi,2386,4,18,Semi-Furnished,Covered,No,204.27
817,Hyderabad,2444,4,6,Unfurnished,Open,Yes,171.0
818,Chennai,3916,6,3,Unfurnished,Covered,Yes,345.63
819,Chennai,1458,2,29,Semi-Furnished,Covered,Yes,117.68
820,Chennai,1376,3,2,Fully-Furnished,Open,Yes,144.94
821,Ahmedabad,1127,2,23,Unfurnished,None,Yes,94.01
822,Chennai,2927,5,28,Fully-Furnished,Covered,No,222.19
823,Pune,3536,6,19,Fully-Furnished,Open,Yes,289.72
824,Chennai,742,1,10,Fully-Furnished,None,Yes,83.43
825,Bangalore,1847,3,0,Unfurnished,Open,Yes,167.05
826,Hyderabad,2779,5,5,Fully-Furnished,Covered,Yes,186.47
827,Chennai,4059,6,25,Unfurnished,Open,Yes,305.73
828,Hyderabad,926,2,10,Semi-Furnished,Open,Yes,91.95
829,Bangalore,2296,4,26,Unfurnished,Open,Yes,170.59
830,Bangalore,2473,4,0,Unfurnished,Covered,Yes,250.11
831,Hyderabad,805,2,20,Semi-Furnished,None,Yes,75.15
832,Mumbai,1973,4,6,Semi-Furnished,Open,No,364.07
833,Delhi,4140,6,30,Unfurnished,Covered,No,337.16
834,Ahmedabad,2246,4,5,Unfurnished,None,Yes,182.57
835,Mumbai,1878,4,13,Semi-Furnished,Covered,Yes,345.58
836,Mumbai,2795,5,1,Unfurnished,Covered,Yes,487.15
837,Pune,1171,2,26,Fully-Furnished,Covered,Yes,110.99
838,Ahmedabad,978,1,3,Unfurnished,Open,Yes,76.95
839,Ahmedabad,3301,5,10,Unfurnished,Covered,Yes,216.57
840,Mumbai,593,1,14,Unfurnished,Covered,Yes,144.92
841,Chennai,2407,4,17,Semi-Furnished,Covered,Yes,188.39
842,Pune,1585,2,26,Unfurnished,None,Yes,119.71
843,Pune,2794,4,0,Unfurnished,Covered,No,265.54
844,Bangalore,3398,6,30,Fully-Furnished,Open,Yes,293.74
845,Ahmedabad,2192,4,2,Semi-Furnished,None,No,186.44
846,Mumbai,1510,2,2,Unfurnished,Open,Yes,269.96
847,Bangalore,4405,6,30,Semi-Furnished,Covered,Yes,389.33
848,Hyderabad,2661,4,27,Fully-Furnished,Open,Yes,173.83
849,Delhi,4136,6,6,Unfurnished,Open,Yes,404.05
850,Pune,4193,6,0,Unfurnished,Covered,Yes,334.99
851,Hyderabad,2336,4,24,Semi-Furnished,Open,Yes,176.41
852,Hyderabad,1129,2,10,Semi-Furnished,Covered,Yes,84.94
853,Chennai,3851,6,5,Semi-Furnished,Open,Yes,226.92
854,Delhi,2540,5,19,Unfurnished,Open,No,234.88
855,Hyderabad,2044,3,2,Unfurnished,Covered,Yes,163.58
856,Hyderabad,3200,5,30,Semi-Furnished,Covered,Yes,216.4
857,Delhi,541,1,18,Unfurnished,Open,Yes,76.52
858,Delhi,1855,3,1,Semi-Furnished,Covered,Yes,219.84
859,Hyderabad,2496,5,17,Semi-Furnished,None,Yes,167.13
860,Delhi,1725,2,29,Unfurnished,Open,Yes,124.74
861,Hyderabad,1613,3,11,Fully-Furnished,Open,Yes,129.07
862,Hyderabad,1559,2,28,Fully-Furnished,None,Yes,119.67
863,Chennai,740,2,9,Semi-Furnished,Open,Yes,74.86
864,Mumbai,4228,6,4,Unfurnished,Open,Yes,744.45
865,Hyderabad,2368,4,8,Unfurnished,None,No,166.58
866,Bangalore,1103,1,1,Semi-Furnished,Open,Yes,106.05
867,Pune,2829,5,1,Unfurnished,Open,Yes,251.07
868,Ahmedabad,2200,4,27,Fully-Furnished,Open,No,192.48
869,Mumbai,1255,3,5,Unfurnished,Covered,Yes,260.29
870,Mumbai,2212,3,28,Semi-Furnished,Covered,Yes,356.19
871,Mumbai,3266,5,30,Unfurnished,Open,Yes,561.03
872,Chennai,4042,6,9,Semi-Furnished,Covered,Yes,238.66
873,Hyderabad,582,1,17,Unfurnished,Covered,No,50.04
874,Chennai,3512,5,11,Semi-Furnished,Open,Yes,275.38
875,Hyderabad,1917,4,3,Unfurnished,None,Yes,170.45
876,Chennai,1756,2,21,Fully-Furnished,Covered,Yes,140.61
877,Chennai,2574,4,20,Unfurnished,Open,No,185.73
878,Pune,4029,6,16,Fully-Furnished,Covered,Yes,298.51
879,Bangalore,4028,6,14,Fully-Furnished,Covered,Yes,342.01
880,Chennai,4496,6,5,Unfurnished,Covered,No,269.3
881,Pune,3639,6,15,Semi-Furnished,Covered,Yes,287.79
882,Delhi,4091,6,16,Unfurnished,Open,Yes,377.13
883,Bangalore,418,1,2,Fully-Furnished,None,Yes,74.25
884,Chennai,3803,6,9,Semi-Furnished,Covered,Yes,273.68
885,Ahmedabad,3404,5,4,Unfurnished,Open,Yes,262.61
886,Mumbai,1532,2,13,Unfurnished,Covered,Yes,287.65
887,Delhi,3739,6,25,Unfurnished,Covered,Yes,344.27
888,Delhi,3711,6,28,Fully-Furnished,Covered,Yes,366.73
889,Pune,3772,6,20,Unfurnished,Open,Yes,290.11
890,Delhi,1387,2,12,Semi-Furnished,Open,Yes,165.38
891,Bangalore,3721,6,25,Semi-Furnished,Open,Yes,307.54
892,Chennai,573,1,5,Fully-Furnished,Open,No,67.92
893,Chennai,4141,6,30,Unfurnished,Covered,Yes,285.03
894,Ahmedabad,3452,6,11,Semi-Furnished,Covered,No,239.86
895,Mumbai,1126,2,25,Semi-Furnished,Covered,Yes,220.56
896,Pune,4160,6,7,Semi-Furnished,None,Yes,396.41
897,Mumbai,2275,4,4,Unfurnished,Open,Yes,387.44
898,Delhi,4433,6,29,Unfurnished,Covered,Yes,399.56
899,Ahmedabad,1389,3,14,Unfurnished,Open,Yes,112.18
900,Mumbai,4144,6,26,Semi-Furnished,Open,Yes,698.2
901,Bangalore,3086,5,15,Unfurnished,Covered,No,246.57
902,Chennai,819,2,0,Semi-Furnished,Covered,Yes,97.29
903,Delhi,993,1,15,Unfurnished,Open,Yes,90.04
904,Ahmedabad,2174,4,4,Fully-Furnished,Covered,No,205.56
905,Mumbai,2859,4,2,Fully-Furnished,None,No,537.21
906,Pune,1335,3,19,Semi-Furnished,Covered,No,100.33
907,Bangalore,4208,6,14,Unfurnished,None,Yes,269.79
908,Bangalore,731,1,30,Unfurnished,None,Yes,53.22
909,Mumbai,3849,6,12,Unfurnished,Covered,Yes,663.63
910,Chennai,3102,5,23,Unfurnished,Open,Yes,279.67
911,Mumbai,4406,6,15,Semi-Furnished,Covered,Yes,812.46
912,Delhi,4268,6,22,Semi-Furnished,Covered,Yes,334.48
913,Mumbai,601,2,10,Fully-Furnished,Covered,Yes,154.61
914,Bangalore,2897,5,20,Unfurnished,Covered,Yes,248.35
915,Ahmedabad,2242,3,1,Semi-Furnished,Open,Yes,191.34
916,Mumbai,2266,4,21,Semi-Furnished,Covered,Yes,364.87
917,Chennai,2396,4,26,Semi-Furnished,None,Yes,171.91
918,Ahmedabad,1309,2,5,Unfurnished,Open,No,101.68
919,Pune,3589,5,25,Semi-Furnished,Covered,Yes,246.87
920,Hyderabad,1170,1,25,Semi-Furnished,Open,Yes,81.17
921,Mumbai,3555,5,29,Semi-Furnished,Open,Yes,664.1
922,Chennai,2901,4,26,Fully-Furnished,Open,Yes,233.65
923,Ahmedabad,3114,5,5,Unfurnished,Covered,Yes,259.64
924,Chennai,3985,6,13,Unfurnished,Covered,No,266.74
925,Pune,2028,3,24,Semi-Furnished,None,Yes,168.33
926,Bangalore,786,2,10,Semi-Furnished,Open,Yes,94.19
927,Chennai,3821,6,7,Unfurnished,Covered,Yes,293.32
928,Ahmedabad,4408,6,7,Semi-Furnished,Open,Yes,310.4
929,Chennai,4493,6,0,Fully-Furnished,None,No,311.3
930,Chennai,2866,5,20,Fully-Furnished,Open,Yes,224.2
931,Chennai,2682,4,6,Unfurnished,Open,Yes,256.17
932,Delhi,2256,3,5,Fully-Furnished,None,Yes,249.29
933,Delhi,2398,3,20,Semi-Furnished,Covered,Yes,225.6
934,Bangalore,1636,2,7,Semi-Furnished,Open,Yes,143.35
935,Mumbai,1550,3,18,Semi-Furnished,Covered,Yes,290.62
936,Chennai,1831,3,21,Fully-Furnished,Covered,Yes,185.48
937,Pune,2219,4,30,Semi-Furnished,Covered,Yes,168.59
938,Mumbai,2724,5,20,Unfurnished,None,Yes,529.78
939,Pune,1530,2,23,Semi-Furnished,Open,No,111.69
940,Mumbai,3058,5,19,Semi-Furnished,None,Yes,558.64
941,Bangalore,3900,6,7,Unfurnished,Covered,Yes,365.32
942,Chennai,774,2,25,Fully-Furnished,None,No,64.53
943,Chennai,2520,4,13,Semi-Furnished,Open,Yes,182.58
944,Hyderabad,4420,6,30,Semi-Furnished,Open,Yes,330.65
945,Pune,2421,4,17,Unfurnished,Open,Yes,209.64
946,Mumbai,4105,6,24,Semi-Furnished,Open,Yes,767.68
947,Mumbai,3659,6,28,Unfurnished,Open,No,649.88
948,Delhi,3835,6,15,Unfurnished,None,Yes,383.07
949,Hyderabad,2289,4,8,Semi-Furnished,None,Yes,202.52
950,Ahmedabad,2223,3,14,Semi-Furnished,Open,Yes,175.26
951,Ahmedabad,1874,3,29,Semi-Furnished,Covered,Yes,152.42
952,Delhi,2642,4,25,Unfurnished,Open,No,204.63
953,Delhi,3643,6,9,Semi-Furnished,Open,Yes,332.6
954,Delhi,3534,5,28,Unfurnished,Open,Yes,288.56
955,Pune,2470,4,21,Fully-Furnished,Open,Yes,229.36
956,Pune,759,1,15,Semi-Furnished,Covered,Yes,56.56
957,Bangalore,2441,5,3,Semi-Furnished,None,Yes,220.16
958,Bangalore,1541,3,19,Unfurnished,Covered,Yes,99.81
959,Delhi,2035,3,12,Unfurnished,Covered,Yes,193.7
960,Hyderabad,4400,6,21,Fully-Furnished,Covered,Yes,286.75
961,Mumbai,2343,3,4,Unfurnished,None,No,467.06
962,Pune,3761,6,21,Semi-Furnished,Open,Yes,304.2
963,Hyderabad,3380,6,6,Semi-Furnished,Covered,Yes,227.25
964,Chennai,406,1,22,Unfurnished,None,No,36.25
965,Pune,3667,6,8,Fully-Furnished,Covered,Yes,309.2
966,Pune,1991,3,7,Semi-Furnished,Covered,No,167.44
967,Bangalore,3664,6,28,Unfurnished,Covered,No,254.31
968,Mumbai,3006,5,15,Unfurnished,None,Yes,481.44
969,Mumbai,3619,6,5,Unfurnished,Covered,Yes,596.18
970,Ahmedabad,3673,6,27,Fully-Furnished,Covered,Yes,280.37
971,Ahmedabad,1313,3,15,Semi-Furnished,Covered,Yes,121.46
972,Ahmedabad,2411,4,5,Unfurnished,None,Yes,220.2
973,Ahmedabad,1842,4,30,Unfurnished,None,Yes,139.05
974,Chennai,3454,6,13,Semi-Furnished,Open,Yes,191.3
975,Chennai,3946,6,20,Semi-Furnished,None,Yes,292.84
976,Pune,3328,6,0,Semi-Furnished,Open,Yes,239.99
977,Delhi,2229,3,24,Unfurnished,Covered,No,187.11
978,Bangalore,975,1,8,Unfurnished,Open,Yes,89.57
979,Bangalore,1329,2,24,Semi-Furnished,Covered,Yes,115.51
980,Ahmedabad,4159,6,30,Fully-Furnished,None,Yes,259.49
981,Pune,4099,6,26,Unfurnished,None,No,295.53
982,Hyderabad,1863,3,23,Semi-Furnished,None,No,103.99
983,Delhi,3675,6,12,Semi-Furnished,Open,Yes,375.61
984,Pune,1454,2,25,Semi-Furnished,Covered,No,138.9
985,Delhi,2300,3,28,Unfurnished,None,Yes,185.36
986,Delhi,1857,4,18,Fully-Furnished,Covered,No,192.52
987,Delhi,1799,2,16,Semi-Furnished,Open,Yes,138.26
988,Pune,3815,6,10,Semi-Furnished,Covered,Yes,300.4
989,Ahmedabad,842,2,27,Unfurnished,None,Yes,69.19
990,Bangalore,4050,6,27,Unfurnished,Open,Yes,352.22
991,Bangalore,1578,2,7,Unfurnished,None,Yes,145.87
992,Ahmedabad,1657,2,22,Semi-Furnished,Open,Yes,139.29
993,Delhi,4034,6,28,Unfurnished,Open,No,447.04
994,Hyderabad,2241,3,4,Semi-Furnished,Covered,Yes,200.52
995,Mumbai,2709,4,9,Unfurnished,Covered,Yes,468.86
996,Pune,1310,3,6,Semi-Furnished,Covered,Yes,110.72
997,Mumbai,4409,6,9,Semi-Furnished,Open,Yes,740.56
998,Ahmedabad,2569,4,3,Unfurnished,None,No,174.49
999,Hyderabad,2572,5,8,Unfurnished,Open,Yes,194.3
1000,Pune,523,1,26,Unfurnished,Covered,Yes,40.0
1001,Ahmedabad,3558,5,25,Semi-Furnished,Covered,Yes,260.05
1002,Delhi,1185,1,13,Semi-Furnished,Covered,Yes,147.26
1003,Bangalore,2816,5,1,Unfurnished,Covered,No,244.83
1004,Mumbai,1196,1,24,Semi-Furnished,None,Yes,208.38
1005,Chennai,2336,4,8,Unfurnished,Open,No,194.17
1006,Chennai,2556,4,20,Unfurnished,None,Yes,149.53
1007,Hyderabad,4207,6,26,Unfurnished,Open,Yes,260.58
1008,Delhi,1701,3,0,Fully-Furnished,None,No,189.29
1009,Mumbai,3540,6,22,Unfurnished,Open,Yes,619.85
1010,Delhi,3636,6,9,Unfurnished,Covered,Yes,367.38
1011,Mumbai,2752,4,9,Unfurnished,Covered,Yes,532.09
1012,Hyderabad,2332,3,19,Unfurnished,Covered,Yes,158.05
1013,Hyderabad,3121,6,24,Semi-Furnished,Covered,No,199.82
1014,Chennai,764,2,21,Unfurnished,None,Yes,59.47
1015,Delhi,2790,4,28,Unfurnished,None,No,231.71
1016,Pune,1346,2,2,Semi-Furnished,Covered,Yes,141.46
1017,Chennai,1777,3,5,Unfurnished,Open,Yes,136.14
1018,Delhi,1839,4,28,Semi-Furnished,Open,Yes,202.41
1019,Chennai,3580,6,25,Semi-Furnished,Open,Yes,260.68
1020,Pune,740,2,5,Unfurnished,Open,No,70.24
1021,Bangalore,3389,6,20,Semi-Furnished,Open,Yes,309.09
1022,Bangalore,782,1,1,Unfurnished,Open,Yes,82.7
1023,Bangalore,1956,4,25,Semi-Furnished,Open,No,175.44
1024,Bangalore,699,1,25,Semi-Furnished,Covered,Yes,73.92
1025,Ahmedabad,538,1,17,Unfurnished,Open,Yes,49.05
1026,Mumbai,758,1,22,Semi-Furnished,Open,No,165.4
1027,Ahmedabad,1922,4,1,Fully-Furnished,None,Yes,185.51
1028,Ahmedabad,3856,6,11,Fully-Furnished,Open,Yes,334.54
1029,Ahmedabad,2027,3,21,Semi-Furnished,Covered,Yes,175.96
1030,Bangalore,1703,2,4,Semi-Furnished,Covered,Yes,176.26
1031,Pune,1534,2,19,Unfurnished,Covered,Yes,110.4
1032,Hyderabad,2586,5,6,Unfurnished,Open,Yes,234.53
1033,Hyderabad,3570,6,23,Semi-Furnished,Open,Yes,206.65
1034,Mumbai,4235,6,15,Unfurnished,Open,Yes,803.91
1035,Bangalore,2551,4,19,Fully-Furnished,Open,No,227.79
1036,Bangalore,1637,3,0,Unfurnished,Open,Yes,142.33
1037,Bangalore,4135,6,0,Unfurnished,Open,Yes,353.03
1038,Chennai,3234,6,16,Unfurnished,Open,Yes,238.81
1039,Delhi,1398,2,26,Fully-Furnished,Covered,Yes,174.55
1040,Chennai,2967,5,0,Semi-Furnished,None,Yes,219.42
1041,Delhi,1707,2,20,Semi-Furnished,Covered,Yes,173.37
1042,Bangalore,1056,1,19,Unfurnished,None,Yes,70.59
1043,Bangalore,3060,6,12,Fully-Furnished,None,Yes,327.26
1044,Chennai,2611,4,29,Unfurnished,Covered,Yes,166.39
1045,Chennai,2309,4,8,Fully-Furnished,Covered,Yes,204.01
1046,Delhi,4130,6,14,Semi-Furnished,None,Yes,393.08
1047,Hyderabad,2446,5,2,Unfurnished,Open,Yes,181.88
1048,Delhi,3562,5,13,Semi-Furnished,None,Yes,374.06
1049,Chennai,1540,2,22,Semi-Furnished,Open,Yes,137.01
1050,Pune,666,2,10,Unfurnished,Covered,Yes,74.58
1051,Chennai,2245,4,23,Fully-Furnished,Covered,Yes,192.77
1052,Pune,2108,4,21,Semi-Furnished,Covered,Yes,181.36
1053,Mumbai,4030,6,11,Unfurnished,Open,No,740.05
1054,Chennai,3611,6,12,Unfurnished,Covered,No,247.07
1055,Mumbai,2693,5,25,Semi-Furnished,Open,Yes,536.05
1056,Hyderabad,4132,6,12,Semi-Furnished,Covered,Yes,318.09
1057,Delhi,4229,6,0,Semi-Furnished,Covered,Yes,469.33
1058,Pune,1910,4,23,Semi-Furnished,Open,Yes,145.88
1059,Delhi,875,2,30,Semi-Furnished,Open,Yes,93.94
1060,Mumbai,1376,2,9,Fully-Furnished,Open,Yes,291.58
1061,Pune,1607,3,2,Semi-Furnished,None,Yes,126.72
1062,Delhi,2360,4,23,Fully-Furnished,Covered,Yes,285.37
1063,Chennai,957,2,27,Unfurnished,Open,No,67.74
1064,Bangalore,1282,3,3,Unfurnished,Open,Yes,136.42
1065,Mumbai,2594,5,15,Unfurnished,Open,Yes,444.35
1066,Delhi,3067,6,7,Semi-Furnished,Covered,Yes,277.54
1067,Mumbai,2010,3,15,Fully-Furnished,None,Yes,358.62
1068,Ahmedabad,3888,6,26,Unfurnished,Covered,No,273.34
1069,Mumbai,2854,4,16,Unfurnished,Covered,Yes,546.12
1070,Pune,2346,3,18,Fully-Furnished,Covered,Yes,200.69
1071,Ahmedabad,3208,5,21,Unfurnished,Open,Yes,241.92
1072,Pune,4225,6,14,Semi-Furnished,Open,No,303.83
1073,Bangalore,3936,6,15,Semi-Furnished,Open,No,335.38
1074,Ahmedabad,4202,6,14,Fully-Furnished,Open,Yes,366.44
1075,Chennai,2370,4,24,Unfurnished,None,Yes,180.96
1076,Mumbai,4222,6,1,Unfurnished,Covered,Yes,808.69
1077,Delhi,3219,6,10,Semi-Furnished,Open,Yes,335.63
1078,Hyderabad,1302,3,0,Fully-Furnished,Covered,No,103.33
1079,Mumbai,764,2,14,Semi-Furnished,None,Yes,156.47
1080,Mumbai,3519,5,25,Unfurnished,Covered,No,610.41
1081,Bangalore,2958,4,18,Semi-Furnished,Covered,Yes,256.61
1082,Chennai,2263,4,3,Fully-Furnished,Covered,No,197.71
1083,Hyderabad,515,1,10,Fully-Furnished,Covered,Yes,76.41
1084,Ahmedabad,2784,4,4,Fully-Furnished,Covered,No,239.02
1085,Ahmedabad,4335,6,2,Unfurnished,Covered,Yes,370.61
1086,Ahmedabad,2890,4,12,Unfurnished,Open,Yes,219.2
1087,Pune,1342,2,9,Semi-Furnished,Open,Yes,111.03
1088,Pune,2124,4,10,Fully-Furnished,None,Yes,185.88
1089,Delhi,2734,4,17,Unfurnished,None,Yes,242.46
1090,Hyderabad,3167,5,1,Unfurnished,Open,No,248.95
1091,Ahmedabad,1537,2,6,Semi-Furnished,None,Yes,142.1
1092,Pune,2927,4,8,Unfurnished,Open,Yes,245.07
1093,Delhi,3820,6,9,Unfurnished,None,Yes,415.75
1094,Chennai,4306,6,17,Semi-Furnished,None,No,236.01
1095,Delhi,4037,6,22,Semi-Furnished,Covered,Yes,411.75
1096,Pune,3353,5,6,Semi-Furnished,None,Yes,235.53
1097,Bangalore,2767,5,26,Unfurnished,Covered,Yes,234.91
1098,Bangalore,676,2,6,Semi-Furnished,None,Yes,81.91
1099,Ahmedabad,2399,4,2,Semi-Furnished,Covered,Yes,217.56
1100,Bangalore,1627,3,11,Semi-Furnished,Covered,Yes,164.41
1101,Ahmedabad,4152,6,6,Semi-Furnished,Covered,Yes,362.52
1102,Ahmedabad,4135,6,16,Unfurnished,Covered,Yes,286.47
1103,Pune,1095,2,25,Unfurnished,None,Yes,89.03
1104,Bangalore,1709,2,0,Unfurnished,Covered,Yes,169.26
1105,Ahmedabad,3634,6,4,Unfurnished,Covered,Yes,237.0
1106,Hyderabad,2711,4,15,Semi-Furnished,Covered,Yes,175.55
1107,Chennai,3241,5,14,Fully-Furnished,Covered,Yes,251.59
1108,Delhi,3959,6,1,Semi-Furnished,Open,Yes,439.79
1109,Delhi,3798,6,8,Semi-Furnished,Covered,Yes,398.21
1110,Pune,941,1,30,Unfurnished,Open,Yes,58.58
1111,Bangalore,3094,6,6,Semi-Furnished,Open,Yes,277.22
1112,Bangalore,1488,3,3,Unfurnished,None,Yes,175.1
1113,Ahmedabad,3763,6,19,Unfurnished,Covered,Yes,281.96
1114,Mumbai,424,1,17,Unfurnished,None,Yes,105.63
1115,Ahmedabad,1972,4,20,Semi-Furnished,Open,No,157.71
1116,Chennai,3358,5,3,Fully-Furnished,Open,Yes,288.28
1117,Hyderabad,2167,4,27,Unfurnished,Covered,Yes,139.88
1118,Delhi,2635,5,12,Unfurnished,Covered,Yes,283.63
1119,Ahmedabad,600,2,0,Semi-Furnished,Open,Yes,77.18
1120,Mumbai,3598,5,27,Unfurnished,None,Yes,661.92
1121,Mumbai,656,1,23,Fully-Furnished,Covered,Yes,162.31
1122,Ahmedabad,4147,6,2,Semi-Furnished,Covered,No,322.03
1123,Pune,2641,5,15,Fully-Furnished,Covered,Yes,211.2
1124,Delhi,3575,5,29,Semi-Furnished,Open,Yes,308.21
1125,Pune,4006,6,21,Semi-Furnished,Covered,Yes,343.16
1126,Hyderabad,3736,6,3,Semi-Furnished,Open,Yes,264.67
1127,Mumbai,813,2,24,Semi-Furnished,Open,Yes,181.16
1128,Mumbai,2414,4,22,Semi-Furnished,Open,Yes,424.94
1129,Chennai,1781,2,24,Unfurnished,Open,Yes,136.93
1130,Hyderabad,1498,3,15,Semi-Furnished,Covered,Yes,111.82
1131,Mumbai,3826,6,25,Semi-Furnished,Open,No,626.29
1132,Hyderabad,4055,6,18,Fully-Furnished,Open,Yes,301.96
1133,Delhi,1309,2,0,Semi-Furnished,Open,Yes,175.65
1134,Bangalore,587,1,4,Semi-Furnished,None,Yes,71.53
1135,Mumbai,4444,6,18,Unfurnished,Open,Yes,914.45
1136,Chennai,4156,6,21,Semi-Furnished,Open,No,294.5
1137,Delhi,2415,5,23,Semi-Furnished,None,Yes,216.13
1138,Ahmedabad,2492,4,10,Fully-Furnished,Covered,Yes,218.32
1139,Hyderabad,4044,6,12,Fully-Furnished,Covered,Yes,277.51
1140,Ahmedabad,2530,4,19,Unfurnished,Covered,Yes,201.15
1141,Pune,757,2,4,Fully-Furnished,Open,Yes,92.01
1142,Delhi,2822,5,20,Unfurnished,Covered,Yes,281.12
1143,Ahmedabad,1897,4,3,Unfurnished,Covered,No,143.98
1144,Mumbai,2558,5,3,Semi-Furnished,Covered,No,508.07
1145,Hyderabad,2955,5,3,Unfurnished,Covered,Yes,191.41
1146,Bangalore,2742,5,3,Semi-Furnished,Open,Yes,225.5
1147,Delhi,3351,5,19,Unfurnished,Covered,Yes,336.24
1148,Mumbai,1638,3,20,Unfurnished,Open,Yes,357.81
1149,Chennai,1373,2,17,Semi-Furnished,Open,Yes,107.15
1150,Pune,4365,6,17,Semi-Furnished,Open,Yes,360.82
1151,Hyderabad,1450,3,15,Fully-Furnished,None,Yes,129.93
1152,Delhi,4101,6,8,Semi-Furnished,Covered,Yes,439.09
1153,Delhi,3180,5,17,Semi-Furnished,Open,No,288.53
1154,Bangalore,1988,3,21,Unfurnished,Open,No,143.75
1155,Bangalore,4278,6,1,Unfurnished,Covered,Yes,289.37
1156,Chennai,2768,4,20,Unfurnished,Open,No,185.08
1157,Pune,836,2,3,Semi-Furnished,None,Yes,99.69
1158,Chennai,3228,6,11,Semi-Furnished,Covered,Yes,225.42
1159,Mumbai,1956,3,6,Semi-Furnished,Covered,Yes,406.27
1160,Mumbai,4258,6,14,Semi-Furnished,Open,Yes,673.24
1161,Chennai,1704,2,6,Semi-Furnished,Covered,No,139.91
1162,Pune,2784,4,28,Unfurnished,Open,Yes,221.0
1163,Chennai,582,1,21,Unfurnished,Open,No,43.08
1164,Pune,1989,3,25,Fully-Furnished,None,Yes,163.69
1165,Pune,1987,3,20,Semi-Furnished,Open,Yes,153.13
1166,Ahmedabad,1059,2,16,Fully-Furnished,Covered,Yes,114.36
1167,Hyderabad,559,1,15,Unfurnished,Covered,Yes,52.39
1168,Pune,4353,6,27,Fully-Furnished,Open,Yes,337.21
1169,Bangalore,1411,2,30,Unfurnished,Open,Yes,133.22
1170,Pune,452,1,18,Unfurnished,Covered,Yes,50.36
1171,Pune,2707,5,8,Fully-Furnished,Open,Yes,218.53
1172,Pune,1628,3,30,Unfurnished,None,Yes,118.48
1173,Ahmedabad,1435,2,13,Semi-Furnished,Covered,Yes,124.73
1174,Ahmedabad,4102,6,16,Unfurnished,Covered,Yes,305.17
1175,Mumbai,4445,6,4,Semi-Furnished,Covered,Yes,984.4
1176,Ahmedabad,1664,2,1,Fully-Furnished,Open,Yes,159.03
1177,Bangalore,2284,3,19,Unfurnished,Covered,No,149.47
1178,Bangalore,2209,3,15,Semi-Furnished,Open,Yes,185.32
1179,Ahmedabad,3567,5,13,Unfurnished,Open,Yes,212.3
1180,Chennai,4197,6,13,Semi-Furnished,Open,No,284.71
1181,Hyderabad,2741,4,26,Unfurnished,Open,No,134.58
1182,Ahmedabad,3814,6,0,Unfurnished,None,No,253.62
1183,Pune,1217,2,2,Unfurnished,Open,Yes,95.71
1184,Delhi,2837,4,25,Unfurnished,None,Yes,275.81
1185,Hyderabad,1288,3,6,Fully-Furnished,Covered,Yes,121.85
1186,Hyderabad,1067,2,25,Unfurnished,Open,Yes,74.3
1187,Bangalore,3024,6,14,Unfurnished,None,No,246.87
1188,Hyderabad,1218,2,18,Semi-Furnished,None,Yes,77.34
1189,Ahmedabad,2588,4,19,Unfurnished,None,Yes,199.9
1190,Pune,1506,3,1,Semi-Furnished,Covered,Yes,175.37
1191,Pune,2624,4,18,Fully-Furnished,None,Yes,223.14
1192,Mumbai,597,1,8,Semi-Furnished,Covered,Yes,148.93
1193,Pune,3071,5,18,Fully-Furnished,None,Yes,213.51
1194,Pune,3892,6,26,Semi-Furnished,Open,No,257.47
1195,Bangalore,2848,5,4,Unfurnished,Covered,No,258.36
1196,Pune,870,2,17,Semi-Furnished,Covered,Yes,95.28
1197,Mumbai,2348,3,15,Semi-Furnished,None,Yes,438.71
1198,Delhi,4299,6,3,Semi-Furnished,Covered,Yes,460.99
1199,Ahmedabad,2410,4,11,Fully-Furnished,Open,Yes,214.52
1200,Bangalore,4200,6,28,Semi-Furnished,Covered,No,348.4
1201,Delhi,4196,6,6,Fully-Furnished,Covered,Yes,395.17
1202,Bangalore,4388,6,13,Semi-Furnished,Covered,Yes,381.11
1203,Chennai,634,1,22,Semi-Furnished,Covered,Yes,55.2
1204,Hyderabad,1328,2,11,Semi-Furnished,Open,Yes,104.38
1205,Chennai,4007,6,2,Unfurnished,Covered,Yes,315.46
1206,Pune,922,2,4,Fully-Furnished,Open,Yes,121.07
1207,Delhi,3923,6,16,Semi-Furnished,None,Yes,328.53
1208,Pune,2029,4,25,Unfurnished,None,Yes,162.76
1209,Hyderabad,1716,2,9,Unfurnished,None,Yes,138.85
1210,Bangalore,3257,5,9,Semi-Furnished,Covered,No,297.79
1211,Hyderabad,1524,2,10,Unfurnished,Open,Yes,120.37
1212,Mumbai,2987,4,16,Unfurnished,Open,Yes,559.47
1213,Hyderabad,1423,3,4,Semi-Furnished,None,Yes,132.95
1214,Mumbai,1778,2,12,Unfurnished,Open,Yes,296.75
1215,Hyderabad,3774,6,9,Semi-Furnished,Covered,Yes,230.98
1216,Ahmedabad,1919,3,8,Unfurnished,Open,No,147.65
1217,Mumbai,626,2,16,Unfurnished,Covered,Yes,119.43
1218,Delhi,1291,2,0,Semi-Furnished,Covered,Yes,179.57
1219,Pune,4472,6,3,Semi-Furnished,Covered,Yes,404.44
1220,Pune,2657,4,3,Unfurnished,Open,Yes,209.24
1221,Chennai,3188,6,17,Unfurnished,Covered,Yes,232.22
1222,Pune,796,1,8,Semi-Furnished,Open,No,75.79
1223,Bangalore,2478,5,29,Unfurnished,Covered,Yes,212.42
1224,Ahmedabad,3637,6,24,Unfurnished,Open,Yes,265.86
1225,Hyderabad,4293,6,28,Unfurnished,Open,Yes,287.92
1226,Chennai,2405,5,28,Fully-Furnished,None,Yes,181.51
1227,Bangalore,2416,4,17,Semi-Furnished,Covered,Yes,238.45
1228,Bangalore,3571,5,13,Semi-Furnished,Open,Yes,319.8
1229,Mumbai,3068,5,24,Semi-Furnished,Open,Yes,510.89
1230,Pune,2278,4,14,Semi-Furnished,Open,Yes,214.08
1231,Delhi,1596,3,5,Semi-Furnished,Covered,Yes,160.32
1232,Delhi,2172,3,23,Semi-Furnished,Covered,Yes,216.76
1233,Chennai,561,1,9,Unfurnished,Open,Yes,62.71
1234,Ahmedabad,4376,6,28,Semi-Furnished,Covered,Yes,292.38
1235,Delhi,2151,4,14,Semi-Furnished,Open,Yes,231.53
1236,Hyderabad,1175,2,28,Semi-Furnished,Open,Yes,85.49
1237,Delhi,1339,2,3,Unfurnished,Covered,Yes,142.72
1238,Chennai,3620,6,17,Unfurnished,None,Yes,260.18
1239,Delhi,939,1,17,Semi-Furnished,Open,No,100.92
1240,Hyderabad,1861,3,24,Semi-Furnished,Open,Yes,121.19
1241,Mumbai,755,1,16,Fully-Furnished,Open,Yes,217.58
1242,Ahmedabad,4004,6,11,Unfurnished,Open,Yes,273.93
1243,Chennai,3723,6,6,Semi-Furnished,Open,Yes,313.82
1244,Mumbai,634,2,15,Semi-Furnished,None,Yes,147.38
1245,Mumbai,1948,4,10,Fully-Furnished,Open,Yes,340.86
1246,Mumbai,2496,4,13,Semi-Furnished,Open,Yes,463.57
1247,Bangalore,2501,5,2,Semi-Furnished,None,Yes,249.87
1248,Ahmedabad,2073,3,18,Semi-Furnished,None,Yes,174.27
1249,Pune,2500,5,17,Semi-Furnished,Covered,Yes,242.69
1250,Ahmedabad,4057,6,29,Fully-Furnished,Open,Yes,384.97
1251,Bangalore,3996,6,9,Unfurnished,Covered,Yes,352.51
1252,Pune,4148,6,5,Unfurnished,Covered,Yes,309.43
1253,Ahmedabad,3573,5,12,Fully-Furnished,Covered,Yes,293.9
1254,Mumbai,2215,4,9,Semi-Furnished,Open,Yes,406.83
1255,Chennai,4241,6,17,Semi-Furnished,Open,Yes,337.12
1256,Pune,2405,4,25,Semi-Furnished,Open,Yes,163.87
1257,Hyderabad,1074,1,30,Unfurnished,Covered,Yes,84.5
1258,Hyderabad,786,2,19,Semi-Furnished,Open,No,68.43
1259,Delhi,2558,5,25,Semi-Furnished,Covered,Yes,214.49
1260,Pune,3061,5,15,Unfurnished,Covered,Yes,227.27
1261,Chennai,2464,5,24,Unfurnished,None,Yes,193.79
1262,Bangalore,4251,6,24,Fully-Furnished,None,Yes,398.26
1263,Mumbai,3653,6,5,Unfurnished,Covered,Yes,571.8
1264,Delhi,1139,2,12,Fully-Furnished,Open,Yes,150.19
1265,Hyderabad,1801,3,3,Unfurnished,None,Yes,108.78
1266,Bangalore,3659,6,22,Semi-Furnished,Covered,No,295.86
1267,Bangalore,2677,4,13,Fully-Furnished,Open,Yes,270.68
1268,Mumbai,4304,6,0,Semi-Furnished,Covered,Yes,724.82
1269,Pune,4323,6,27,Semi-Furnished,Covered,Yes,280.37
1270,Hyderabad,3627,6,19,Semi-Furnished,Covered,No,242.78
1271,Chennai,3231,6,4,Unfurnished,Open,No,224.23
1272,Bangalore,4158,6,7,Unfurnished,Open,Yes,375.52
1273,Mumbai,2912,4,11,Fully-Furnished,Open,Yes,486.18
1274,Chennai,2551,4,1,Semi-Furnished,None,Yes,189.18
1275,Pune,4075,6,11,Semi-Furnished,Open,Yes,257.27
1276,Hyderabad,3145,5,4,Unfurnished,Open,Yes,226.14
1277,Pune,4266,6,21,Unfurnished,None,Yes,314.57
1278,Bangalore,4164,6,4,Unfurnished,Open,No,298.96
1279,Chennai,2622,5,30,Semi-Furnished,Covered,Yes,199.43
1280,Chennai,3192,6,12,Semi-Furnished,None,Yes,269.68
1281,Chennai,2097,4,8,Semi-Furnished,None,Yes,166.86
1282,Bangalore,3862,6,9,Fully-Furnished,Covered,Yes,355.94
1283,Bangalore,4463,6,0,Unfurnished,Covered,Yes,396.32
1284,Pune,1924,4,29,Unfurnished,Open,Yes,129.17
1285,Delhi,432,1,2,Unfurnished,None,Yes,84.77
1286,Pune,4425,6,29,Semi-Furnished,Open,Yes,315.6
1287,Hyderabad,2966,4,17,Unfurnished,Covered,Yes,214.3
1288,Mumbai,3203,6,11,Fully-Furnished,Covered,Yes,637.36
1289,Chennai,4296,6,28,Unfurnished,Covered,Yes,297.52
1290,Delhi,4109,6,2,Fully-Furnished,Open,Yes,440.05
1291,Mumbai,1119,2,25,Semi-Furnished,Open,Yes,228.99
1292,Delhi,1372,3,24,Fully-Furnished,None,Yes,130.27
1293,Ahmedabad,4118,6,28,Semi-Furnished,Covered,Yes,288.98
1294,Pune,2607,5,29,Fully-Furnished,Covered,Yes,201.33
1295,Bangalore,3430,5,8,Unfurnished,Covered,No,271.55
1296,Chennai,3975,6,25,Semi-Furnished,Open,No,236.1
1297,Pune,3516,5,1,Fully-Furnished,None,Yes,326.81
1298,Mumbai,3685,6,29,Unfurnished,Open,No,702.56
1299,Ahmedabad,1043,2,2,Unfurnished,Covered,No,109.76
1300,Ahmedabad,594,1,13,Semi-Furnished,Covered,No,73.53
1301,Ahmedabad,4396,6,3,Fully-Furnished,None,Yes,326.81
1302,Mumbai,888,2,24,Semi-Furnished,Open,Yes,175.99
1303,Mumbai,2604,5,18,Semi-Furnished,Open,Yes,438.81
1304,Mumbai,3057,6,12,Unfurnished,Open,Yes,586.7
1305,Mumbai,3676,6,6,Unfurnished,Covered,Yes,672.87
1306,Ahmedabad,1502,3,11,Fully-Furnished,Open,Yes,137.86
1307,Ahmedabad,1641,2,2,Unfurnished,Covered,Yes,161.13
1308,Delhi,915,1,22,Semi-Furnished,Open,Yes,105.54
1309,Pune,792,1,22,Fully-Furnished,Covered,Yes,72.99
1310,Chennai,1030,1,8,Unfurnished,Open,Yes,81.61
1311,Bangalore,4116,6,1,Semi-Furnished,Covered,No,371.01
1312,Ahmedabad,2247,3,28,Unfurnished,Open,Yes,175.55
1313,Bangalore,3055,6,21,Semi-Furnished,Open,Yes,280.36
1314,Pune,1379,2,8,Unfurnished,Open,Yes,141.45
1315,Pune,3802,6,11,Semi-Furnished,Open,Yes,353.47
1316,Bangalore,4271,6,30,Unfurnished,Open,Yes,357.36
1317,Ahmedabad,677,2,11,Semi-Furnished,Open,No,65.8
1318,Bangalore,632,2,14,Semi-Furnished,Covered,Yes,70.3
1319,Delhi,1952,3,1,Unfurnished,None,Yes,199.2
1320,Hyderabad,3670,6,17,Semi-Furnished,Covered,Yes,274.65
1321,Ahmedabad,2809,4,12,Unfurnished,Covered,Yes,255.74
1322,Ahmedabad,3912,6,13,Semi-Furnished,None,Yes,304.44
1323,Chennai,425,1,4,Unfurnished,Covered,Yes,63.68
1324,Mumbai,860,2,25,Semi-Furnished,Open,Yes,178.22
1325,Hyderabad,4164,6,9,Unfurnished,None,Yes,296.49
1326,Pune,3831,6,11,Semi-Furnished,Open,Yes,330.95
1327,Ahmedabad,3883,6,9,Unfurnished,Covered,Yes,236.46
1328,Bangalore,2394,4,23,Semi-Furnished,None,No,187.11
1329,Hyderabad,890,1,10,Unfurnished,Open,Yes,76.97
1330,Chennai,1472,3,30,Fully-Furnished,Open,No,115.4
1331,Pune,3573,5,24,Fully-Furnished,Covered,Yes,250.54
1332,Mumbai,615,2,1,Unfurnished,None,Yes,118.79
1333,Mumbai,2123,3,4,Semi-Furnished,Covered,Yes,392.75
1334,Chennai,1992,3,29,Unfurnished,Covered,Yes,142.11
1335,Chennai,3006,6,6,Unfurnished,Covered,Yes,217.82
1336,Bangalore,558,1,30,Semi-Furnished,Covered,Yes,58.64
1337,Ahmedabad,3713,6,5,Semi-Furnished,Covered,Yes,307.54
1338,Mumbai,3241,6,21,Semi-Furnished,None,Yes,614.38
1339,Pune,2176,3,22,Unfurnished,Open,Yes,126.69
1340,Hyderabad,2452,4,2,Unfurnished,Open,No,148.75
1341,Pune,2695,4,12,Unfurnished,Open,Yes,207.24
1342,Delhi,2096,4,2,Semi-Furnished,Open,Yes,243.2
1343,Delhi,3393,5,25,Semi-Furnished,Open,Yes,339.71
1344,Chennai,2869,5,24,Semi-Furnished,Open,Yes,222.04
1345,Bangalore,2346,3,29,Unfurnished,Covered,Yes,185.81
1346,Delhi,4209,6,23,Unfurnished,None,Yes,378.13
1347,Mumbai,3183,6,20,Unfurnished,Covered,Yes,527.12
1348,Pune,4044,6,5,Unfurnished,Open,Yes,344.69
1349,Pune,2900,5,10,Unfurnished,Covered,Yes,215.93
1350,Chennai,4045,6,27,Fully-Furnished,Covered,No,309.33
1351,Ahmedabad,3045,5,25,Fully-Furnished,Open,Yes,237.62
1352,Ahmedabad,2749,4,16,Semi-Furnished,Open,Yes,209.2
1353,Hyderabad,2332,3,9,Semi-Furnished,Open,Yes,157.03
1354,Chennai,3694,6,11,Unfurnished,Open,No,225.48
1355,Hyderabad,2157,4,16,Fully-Furnished,Covered,Yes,156.96
1356,Ahmedabad,1516,2,3,Unfurnished,Covered,Yes,129.52
1357,Chennai,2967,5,1,Fully-Furnished,None,Yes,185.27
1358,Chennai,3899,6,10,Semi-Furnished,None,Yes,285.05
1359,Chennai,892,1,6,Unfurnished,Open,Yes,88.0
1360,Ahmedabad,3706,6,1,Fully-Furnished,None,No,298.59
1361,Hyderabad,1019,1,25,Unfurnished,Covered,Yes,65.91
1362,Hyderabad,3632,6,17,Semi-Furnished,None,Yes,248.08
1363,Chennai,4223,6,20,Semi-Furnished,Open,Yes,287.94
1364,Delhi,2780,5,3,Unfurnished,None,Yes,287.72
1365,Bangalore,1946,3,7,Semi-Furnished,Open,Yes,211.59
1366,Ahmedabad,3963,6,19,Semi-Furnished,Covered,No,309.95
1367,Bangalore,2005,3,13,Semi-Furnished,Open,Yes,192.16
1368,Bangalore,4152,6,11,Unfurnished,Covered,No,320.24
1369,Hyderabad,2290,4,21,Fully-Furnished,Covered,No,175.39
1370,Hyderabad,1675,3,20,Unfurnished,Open,Yes,96.13
1371,Delhi,3143,6,26,Unfurnished,None,Yes,291.33
1372,Bangalore,2893,4,29,Unfurnished,Covered,Yes,251.5
1373,Bangalore,756,1,17,Unfurnished,Covered,Yes,83.81
1374,Chennai,1269,3,10,Unfurnished,Covered,Yes,121.15
1375,Hyderabad,1285,3,30,Fully-Furnished,None,Yes,98.02
1376,Bangalore,2401,4,28,Unfurnished,Covered,Yes,198.34
1377,Pune,1683,2,27,Unfurnished,Open,No,124.13
1378,Delhi,1019,1,29,Unfurnished,Covered,No,88.95
1379,Pune,1282,2,7,Semi-Furnished,Covered,Yes,112.21
1380,Pune,1196,2,1,Fully-Furnished,Open,Yes,125.66
1381,Ahmedabad,4042,6,24,Unfurnished,Covered,Yes,297.3
1382,Ahmedabad,3825,6,14,Unfurnished,Open,Yes,231.14
1383,Delhi,1696,2,8,Unfurnished,Covered,Yes,190.23
1384,Pune,644,1,18,Unfurnished,Open,Yes,60.47
1385,Bangalore,3295,5,19,Unfurnished,Covered,Yes,277.61
1386,Hyderabad,1329,2,7,Semi-Furnished,None,Yes,130.58
1387,Delhi,919,1,24,Unfurnished,Covered,Yes,92.27
1388,Chennai,3612,6,18,Semi-Furnished,Open,Yes,258.41
1389,Pune,2809,5,4,Unfurnished,Open,Yes,223.27
1390,Delhi,407,1,10,Fully-Furnished,Open,No,72.01
1391,Mumbai,2925,4,14,Fully-Furnished,Covered,Yes,519.47
1392,Mumbai,3823,6,7,Semi-Furnished,None,Yes,583.64
1393,Ahmedabad,2419,4,18,Unfurnished,Open,Yes,172.46
1394,Hyderabad,4067,6,22,Unfurnished,Open,Yes,262.11
1395,Bangalore,4071,6,26,Semi-Furnished,Covered,Yes,382.2
1396,Hyderabad,3201,5,7,Semi-Furnished,None,Yes,276.05
1397,Hyderabad,485,1,25,Semi-Furnished,None,No,40.44
1398,Hyderabad,3515,5,26,Fully-Furnished,Open,Yes,219.41
1399,Hyderabad,2868,5,29,Fully-Furnished,Open,Yes,184.19
1400,Chennai,4019,6,18,Unfurnished,Open,Yes,283.88
1401,Chennai,2036,3,17,Semi-Furnished,Open,Yes,185.06
1402,Ahmedabad,3983,6,9,Unfurnished,Covered,Yes,296.14
1403,Delhi,4409,6,28,Unfurnished,Covered,Yes,355.43
1404,Mumbai,3726,6,6,Semi-Furnished,Open,Yes,633.43
1405,Hyderabad,2618,4,27,Unfurnished,None,Yes,178.9
1406,Ahmedabad,2617,5,8,Fully-Furnished,Covered,Yes,239.78
1407,Delhi,2769,4,0,Unfurnished,None,Yes,275.27
1408,Mumbai,4038,6,18,Semi-Furnished,Covered,Yes,758.65
1409,Pune,2903,5,4,Semi-Furnished,Open,No,179.64
1410,Bangalore,1343,3,18,Semi-Furnished,Open,Yes,131.14
1411,Chennai,3237,5,0,Unfurnished,Open,Yes,271.66
1412,Pune,3060,5,14,Fully-Furnished,Covered,Yes,236.5
1413,Mumbai,3336,6,15,Semi-Furnished,None,No,519.95
1414,Pune,4347,6,22,Semi-Furnished,Open,Yes,269.83
1415,Bangalore,2076,4,6,Unfurnished,None,Yes,220.9
1416,Ahmedabad,1596,2,25,Semi-Furnished,Covered,Yes,116.69
1417,Mumbai,3187,6,11,Fully-Furnished,Covered,Yes,603.52
1418,Pune,1861,3,7,Semi-Furnished,Open,Yes,171.87
1419,Chennai,3718,6,4,Fully-Furnished,Open,No,322.2
1420,Chennai,1066,2,9,Semi-Furnished,Covered,No,96.26
1421,Delhi,2576,5,27,Unfurnished,Open,Yes,234.91
1422,Pune,4143,6,20,Unfurnished,Open,Yes,319.7
1423,Hyderabad,1000,1,4,Unfurnished,Open,Yes,92.18
1424,Pune,3052,6,16,Semi-Furnished,Covered,Yes,248.31
1425,Ahmedabad,4224,6,25,Semi-Furnished,None,No,259.99
1426,Mumbai,4306,6,4,Unfurnished,Covered,Yes,641.92
1427,Mumbai,1379,3,21,Semi-Furnished,Open,Yes,238.78
1428,Ahmedabad,2851,4,14,Semi-Furnished,None,Yes,234.84
1429,Pune,1028,1,12,Semi-Furnished,Covered,No,89.26
1430,Ahmedabad,2029,3,27,Unfurnished,Open,Yes,137.22
1431,Bangalore,4096,6,0,Unfurnished,None,Yes,327.27
1432,Ahmedabad,3830,6,10,Unfurnished,Covered,Yes,293.11
1433,Chennai,4074,6,22,Unfurnished,Covered,Yes,285.77
1434,Ahmedabad,4329,6,0,Unfurnished,Covered,No,306.14
1435,Mumbai,3165,6,10,Unfurnished,Covered,Yes,651.55
1436,Chennai,515,1,17,Semi-Furnished,Covered,Yes,65.78
1437,Mumbai,2403,5,17,Unfurnished,None,Yes,367.22
1438,Delhi,1092,1,20,Fully-Furnished,Open,Yes,129.43
1439,Hyderabad,3562,5,29,Unfurnished,Covered,Yes,211.81
1440,Mumbai,1505,2,25,Unfurnished,Open,Yes,272.11
1441,Chennai,3408,6,15,Unfurnished,Covered,Yes,264.64
1442,Delhi,2561,4,12,Unfurnished,Covered,Yes,254.12
1443,Mumbai,553,1,6,Fully-Furnished,Open,Yes,156.99
1444,Bangalore,4099,6,0,Unfurnished,Covered,No,364.94
1445,Ahmedabad,4186,6,25,Fully-Furnished,Open,Yes,317.97
1446,Hyderabad,1464,3,15,Fully-Furnished,Open,Yes,112.47
1447,Mumbai,2313,4,0,Semi-Furnished,Covered,No,397.28
1448,Delhi,1616,3,16,Semi-Furnished,Open,Yes,148.74
1449,Bangalore,2801,5,5,Semi-Furnished,None,Yes,232.47
1450,Pune,2172,4,1,Unfurnished,Open,Yes,224.05
1451,Delhi,2360,3,16,Semi-Furnished,Covered,Yes,221.41
1452,Ahmedabad,3180,6,5,Unfurnished,Covered,Yes,223.59
1453,Delhi,3271,5,13,Unfurnished,Covered,Yes,332.97
1454,Bangalore,1060,1,17,Semi-Furnished,Covered,No,99.49
1455,Delhi,3035,5,5,Semi-Furnished,Open,Yes,304.52
1456,Bangalore,2729,4,9,Fully-Furnished,Covered,Yes,290.9
1457,Mumbai,4354,6,23,Unfurnished,Covered,Yes,791.64
1458,Bangalore,2850,4,17,Fully-Furnished,None,Yes,237.55
1459,Bangalore,1532,3,26,Unfurnished,None,Yes,124.11
1460,Hyderabad,1099,2,8,Unfurnished,Covered,Yes,87.8
1461,Bangalore,2438,5,7,Unfurnished,Covered,No,234.96
1462,Bangalore,2579,4,27,Semi-Furnished,Covered,Yes,214.65
1463,Pune,3238,6,9,Unfurnished,Covered,Yes,218.25
1464,Mumbai,1273,3,16,Semi-Furnished,Open,Yes,258.25
1465,Ahmedabad,483,1,22,Fully-Furnished,Covered,Yes,51.88
1466,Hyderabad,1822,3,29,Semi-Furnished,Open,No,141.35
1467,Pune,3075,6,28,Semi-Furnished,None,Yes,214.84
1468,Chennai,3580,5,25,Fully-Furnished,Covered,Yes,263.21
1469,Mumbai,4375,6,5,Semi-Furnished,Open,Yes,789.79
1470,Mumbai,1791,2,13,Semi-Furnished,Covered,No,317.8
1471,Chennai,3618,6,21,Unfurnished,Open,No,241.08
1472,Ahmedabad,1014,1,21,Fully-Furnished,Open,Yes,95.25
1473,Bangalore,3371,6,5,Semi-Furnished,None,No,329.62
1474,Pune,3965,6,25,Unfurnished,Open,Yes,320.78
1475,Delhi,3976,6,6,Unfurnished,None,Yes,442.66
1476,Hyderabad,670,2,11,Fully-Furnished,None,No,60.93
1477,Delhi,4466,6,2,Unfurnished,Covered,No,428.87
1478,Chennai,2868,4,13,Fully-Furnished,None,Yes,225.71
1479,Mumbai,1790,3,21,Unfurnished,Open,Yes,343.12
1480,Ahmedabad,3754,6,18,Semi-Furnished,Open,No,303.56
1481,Mumbai,4007,6,22,Unfurnished,Covered,Yes,681.24
1482,Hyderabad,2983,4,15,Semi-Furnished,None,No,185.24
1483,Mumbai,4473,6,6,Fully-Furnished,Covered,Yes,838.57
1484,Mumbai,3475,6,7,Semi-Furnished,Covered,No,493.84
1485,Hyderabad,4306,6,17,Semi-Furnished,Open,No,267.73
1486,Pune,689,2,24,Unfurnished,Open,Yes,57.58
1487,Pune,2880,4,12,Unfurnished,Covered,No,199.39
1488,Hyderabad,3652,6,20,Unfurnished,Covered,Yes,272.67
1489,Ahmedabad,678,2,8,Semi-Furnished,Covered,Yes,73.46
1490,Chennai,3324,5,9,Unfurnished,None,Yes,242.61
1491,Mumbai,980,2,20,Unfurnished,Open,Yes,206.43
1492,Ahmedabad,653,2,22,Semi-Furnished,Open,Yes,73.41
1493,Mumbai,1224,2,26,Semi-Furnished,None,No,225.56
1494,Chennai,4232,6,8,Semi-Furnished,Open,Yes,345.09
1495,Pune,1099,1,14,Unfurnished,Covered,Yes,101.38
1496,Ahmedabad,1780,3,19,Unfurnished,Open,No,132.21
1497,Bangalore,4296,6,1,Fully-Furnished,Covered,Yes,343.29
1498,Bangalore,2073,4,24,Unfurnished,Covered,Yes,155.51
1499,Bangalore,3127,6,12,Fully-Furnished,Open,Yes,288.95
1500,Pune,3556,6,1,Fully-Furnished,Covered,Yes,290.3
1501,Pune,3788,6,18,Semi-Furnished,None,Yes,321.97
1502,Chennai,783,1,25,Unfurnished,Covered,No,63.38
1503,Mumbai,741,1,1,Fully-Furnished,None,Yes,181.75
1504,Chennai,2387,3,2,Semi-Furnished,None,No,159.71
1505,Chennai,4459,6,5,Semi-Furnished,Covered,Yes,353.76
1506,Pune,3509,5,2,Unfurnished,Open,Yes,253.21
1507,Bangalore,4482,6,30,Unfurnished,Covered,Yes,334.52
1508,Delhi,3198,5,9,Unfurnished,Open,Yes,284.75
1509,Mumbai,3640,6,23,Semi-Furnished,Open,Yes,630.18
1510,Pune,2388,4,26,Semi-Furnished,Open,Yes,208.09
1511,Bangalore,3814,6,5,Unfurnished,Open,Yes,329.51
1512,Ahmedabad,2249,4,22,Semi-Furnished,Open,Yes,165.91
1513,Delhi,705,1,15,Unfurnished,Covered,Yes,75.1
1514,Delhi,4013,6,16,Semi-Furnished,Covered,Yes,413.54
1515,Pune,3149,5,18,Fully-Furnished,Covered,Yes,240.35
1516,Hyderabad,1535,3,2,Unfurnished,Covered,Yes,128.36
1517,Mumbai,605,1,17,Unfurnished,Open,Yes,134.86
1518,Delhi,3850,6,6,Unfurnished,Covered,Yes,413.32
1519,Pune,4211,6,8,Semi-Furnished,Open,Yes,328.98
1520,Pune,4022,6,19,Semi-Furnished,Covered,Yes,314.43
1521,Bangalore,3999,6,11,Fully-Furnished,Open,No,350.36
1522,Ahmedabad,2951,4,4,Unfurnished,Covered,Yes,280.76
1523,Hyderabad,709,2,2,Fully-Furnished,Covered,Yes,95.34
1524,Mumbai,3108,6,10,Unfurnished,Covered,No,533.43
1525,Chennai,2391,3,24,Semi-Furnished,Covered,Yes,177.78
1526,Ahmedabad,671,2,29,Unfurnished,Covered,Yes,55.77
1527,Ahmedabad,4042,6,3,Fully-Furnished,Covered,Yes,291.84
1528,Bangalore,4486,6,4,Semi-Furnished,Open,Yes,363.87
1529,Delhi,2222,3,0,Semi-Furnished,Open,No,209.25
1530,Delhi,3673,6,26,Fully-Furnished,Open,No,363.32
1531,Bangalore,920,2,27,Unfurnished,None,Yes,71.06
1532,Pune,1376,2,30,Unfurnished,Open,No,108.16
1533,Delhi,4122,6,28,Fully-Furnished,Open,Yes,423.77
1534,Hyderabad,3951,6,17,Unfurnished,Open,Yes,262.73
1535,Mumbai,3173,5,11,Unfurnished,Covered,No,543.17
1536,Ahmedabad,2952,5,12,Semi-Furnished,Covered,Yes,221.62
1537,Ahmedabad,3232,5,8,Semi-Furnished,None,Yes,256.13
1538,Hyderabad,4307,6,1,Unfurnished,Open,Yes,328.42
1539,Delhi,552,1,4,Unfurnished,Open,Yes,75.13
1540,Ahmedabad,3364,5,12,Unfurnished,Open,Yes,212.68
1541,Chennai,3316,5,15,Semi-Furnished,Covered,Yes,269.68
1542,Mumbai,3200,5,15,Fully-Furnished,Open,Yes,598.4
1543,Mumbai,2152,4,23,Fully-Furnished,Open,Yes,358.41
1544,Ahmedabad,3010,5,2,Semi-Furnished,Covered,No,217.77
1545,Bangalore,4275,6,21,Unfurnished,Covered,No,308.46
1546,Ahmedabad,1504,3,3,Fully-Furnished,None,Yes,133.27
1547,Bangalore,2936,4,10,Semi-Furnished,Covered,No,241.44
1548,Ahmedabad,4254,6,22,Unfurnished,Open,Yes,294.99
1549,Chennai,3894,6,25,Fully-Furnished,Open,Yes,268.62
1550,Pune,2314,4,13,Semi-Furnished,None,Yes,175.65
1551,Mumbai,3472,5,28,Semi-Furnished,Open,Yes,590.35
1552,Ahmedabad,1406,3,2,Semi-Furnished,Open,Yes,135.33
1553,Chennai,806,2,15,Unfurnished,Open,Yes,69.51
1554,Bangalore,566,1,21,Unfurnished,Covered,Yes,67.75
1555,Bangalore,908,2,14,Semi-Furnished,Covered,Yes,106.32
1556,Mumbai,2061,3,27,Unfurnished,Open,No,295.62
1557,Hyderabad,4064,6,30,Semi-Furnished,None,Yes,274.61
1558,Ahmedabad,3889,6,9,Semi-Furnished,Covered,No,303.47
1559,Delhi,1080,1,8,Semi-Furnished,None,No,113.83
1560,Bangalore,2924,4,10,Semi-Furnished,Covered,Yes,222.07
1561,Pune,2520,5,15,Semi-Furnished,Covered,Yes,213.11
1562,Pune,1763,3,9,Fully-Furnished,Open,Yes,160.94
1563,Bangalore,1731,3,16,Semi-Furnished,Open,No,135.28
1564,Hyderabad,2692,4,18,Unfurnished,None,Yes,152.29
1565,Hyderabad,1938,4,1,Unfurnished,Open,Yes,149.66
1566,Chennai,3808,6,23,Unfurnished,None,Yes,262.62
1567,Pune,960,2,22,Unfurnished,Covered,Yes,79.29
1568,Chennai,1499,3,1,Unfurnished,None,No,122.11
1569,Pune,2303,4,5,Unfurnished,Open,Yes,171.61
1570,Ahmedabad,574,1,30,Semi-Furnished,Open,No,44.42
1571,Ahmedabad,2556,4,18,Fully-Furnished,Open,Yes,214.52
1572,Delhi,2630,5,7,Unfurnished,None,Yes,258.18
1573,Ahmedabad,4320,6,25,Semi-Furnished,None,No,244.18
1574,Delhi,1897,3,28,Semi-Furnished,None,Yes,176.42
1575,Ahmedabad,4254,6,2,Unfurnished,Covered,No,275.61
1576,Mumbai,3571,6,25,Fully-Furnished,Open,Yes,650.76
1577,Ahmedabad,1967,3,13,Semi-Furnished,Covered,Yes,168.61
1578,Chennai,1551,3,24,Unfurnished,Open,Yes,96.22
1579,Bangalore,768,1,15,Semi-Furnished,Open,No,83.66
1580,Chennai,442,1,0,Unfurnished,Open,No,48.46
1581,Bangalore,2307,4,20,Semi-Furnished,Covered,Yes,239.7
1582,Hyderabad,3890,6,2,Unfurnished,Open,Yes,269.94
1583,Chennai,2935,4,21,Fully-Furnished,None,Yes,192.37
1584,Hyderabad,3273,5,25,Semi-Furnished,Open,Yes,192.54
1585,Delhi,2224,4,17,Semi-Furnished,Open,Yes,236.13
1586,Delhi,1693,3,8,Unfurnished,Open,Yes,174.58
1587,Mumbai,3786,6,5,Semi-Furnished,Covered,No,642.63
1588,Ahmedabad,3372,6,22,Semi-Furnished,Open,Yes,293.52
1589,Chennai,4322,6,20,Semi-Furnished,Covered,No,279.32
1590,Hyderabad,1392,3,24,Semi-Furnished,Open,Yes,101.78
1591,Bangalore,2786,5,0,Semi-Furnished,Covered,Yes,300.99
1592,Delhi,2640,5,20,Fully-Furnished,Covered,No,270.32
1593,Ahmedabad,1876,4,26,Semi-Furnished,Open,Yes,123.17
1594,Delhi,3807,6,9,Fully-Furnished,Covered,No,388.03
1595,Bangalore,789,1,26,Fully-Furnished,Covered,No,71.96
1596,Ahmedabad,1399,2,5,Semi-Furnished,Open,Yes,143.65
1597,Ahmedabad,2255,4,22,Unfurnished,Open,Yes,154.85
1598,Hyderabad,1058,2,11,Semi-Furnished,Covered,Yes,120.37
1599,Hyderabad,3163,5,3,Fully-Furnished,Open,Yes,271.6
1600,Chennai,4063,6,27,Unfurnished,None,Yes,259.16
1601,Chennai,1881,4,12,Semi-Furnished,Covered,Yes,160.19
1602,Pune,4131,6,16,Fully-Furnished,None,Yes,351.97
1603,Pune,851,1,30,Unfurnished,Covered,Yes,69.43
1604,Mumbai,2875,5,26,Semi-Furnished,Covered,Yes,538.85
1605,Delhi,3622,6,7,Unfurnished,Covered,Yes,406.62
1606,Chennai,1937,4,25,Unfurnished,None,Yes,139.2
1607,Hyderabad,3493,5,19,Semi-Furnished,Open,Yes,226.49
1608,Bangalore,1282,2,2,Unfurnished,Open,Yes,124.81
1609,Hyderabad,4468,6,11,Unfurnished,Open,Yes,322.59
1610,Delhi,2966,4,6,Fully-Furnished,None,Yes,316.14
1611,Pune,3677,6,11,Unfurnished,Open,Yes,298.46
1612,Hyderabad,774,1,1,Fully-Furnished,Open,No,86.11
1613,Mumbai,4097,6,23,Fully-Furnished,None,Yes,569.35
1614,Delhi,3462,6,13,Unfurnished,Covered,Yes,353.52
1615,Pune,3650,6,21,Unfurnished,Covered,No,276.36
1616,Bangalore,512,1,22,Semi-Furnished,Covered,No,67.96
1617,Pune,3597,5,29,Semi-Furnished,Covered,Yes,232.7
1618,Ahmedabad,2778,5,4,Unfurnished,Open,Yes,255.42
1619,Mumbai,2324,4,8,Semi-Furnished,Covered,Yes,443.48
1620,Delhi,539,1,20,Unfurnished,Covered,Yes,73.92
1621,Bangalore,1824,3,10,Fully-Furnished,Open,No,199.28
1622,Mumbai,3349,6,4,Unfurnished,None,Yes,635.55
1623,Pune,3568,5,2,Unfurnished,Open,No,283.22
1624,Mumbai,916,2,26,Unfurnished,Open,Yes,189.92
1625,Delhi,3016,6,16,Fully-Furnished,Open,No,282.15
1626,Chennai,1287,2,1,Semi-Furnished,Open,Yes,118.75
1627,Mumbai,3504,6,23,Fully-Furnished,Covered,Yes,584.14
1628,Ahmedabad,449,1,30,Unfurnished,Open,Yes,35.48
1629,Mumbai,4351,6,0,Unfurnished,None,Yes,584.76
1630,Pune,3960,6,6,Unfurnished,Covered,Yes,331.36
1631,Pune,418,1,29,Semi-Furnished,Open,No,34.54
1632,Bangalore,1873,3,13,Semi-Furnished,Covered,Yes,171.19
1633,Pune,4461,6,4,Semi-Furnished,None,Yes,360.3
1634,Hyderabad,3006,6,18,Unfurnished,Covered,Yes,180.73
1635,Delhi,851,2,27,Fully-Furnished,None,Yes,120.85
1636,Delhi,4165,6,27,Unfurnished,Open,No,363.82
1637,Chennai,2838,5,30,Fully-Furnished,None,Yes,207.23
1638,Chennai,1949,3,10,Unfurnished,Covered,Yes,141.29
1639,Delhi,3874,6,22,Semi-Furnished,Covered,Yes,376.08
1640,Ahmedabad,527,1,24,Unfurnished,Open,Yes,51.91
1641,Chennai,3161,6,1,Semi-Furnished,Covered,No,271.33
1642,Bangalore,1815,4,7,Semi-Furnished,Open,Yes,193.12
1643,Pune,601,1,8,Semi-Furnished,Covered,Yes,74.93
1644,Delhi,2769,5,26,Semi-Furnished,Covered,No,252.34
1645,Chennai,917,2,2,Semi-Furnished,Open,Yes,81.17
1646,Delhi,1741,2,1,Semi-Furnished,Open,Yes,188.78
1647,Hyderabad,2388,3,6,Fully-Furnished,Covered,No,172.38
1648,Mumbai,3945,6,4,Unfurnished,Covered,Yes,775.6
1649,Pune,4202,6,20,Semi-Furnished,Covered,No,321.79
1650,Delhi,3675,6,25,Semi-Furnished,Covered,Yes,413.34
1651,Mumbai,4054,6,4,Unfurnished,None,No,760.2
1652,Chennai,2834,4,19,Semi-Furnished,Covered,No,194.53
1653,Mumbai,607,1,12,Unfurnished,Open,Yes,118.41
1654,Pune,3033,5,20,Unfurnished,Covered,Yes,271.55
1655,Delhi,553,1,28,Unfurnished,Open,Yes,68.99
1656,Hyderabad,3766,6,19,Unfurnished,Open,Yes,215.69
1657,Ahmedabad,1918,4,30,Semi-Furnished,Open,Yes,168.07
1658,Chennai,3000,6,28,Semi-Furnished,Open,Yes,229.58
1659,Delhi,2595,4,5,Fully-Furnished,None,Yes,279.09
1660,Pune,3954,6,19,Semi-Furnished,Covered,No,344.74
1661,Chennai,2814,4,17,Unfurnished,Covered,Yes,237.33
1662,Bangalore,3249,6,24,Fully-Furnished,None,Yes,301.1
1663,Mumbai,2142,3,1,Fully-Furnished,Covered,Yes,440.42
1664,Ahmedabad,1706,2,24,Semi-Furnished,Covered,Yes,141.75
1665,Pune,4249,6,25,Semi-Furnished,Open,Yes,309.64
1666,Bangalore,2955,4,5,Fully-Furnished,Open,Yes,269.25
1667,Delhi,2705,5,8,Semi-Furnished,Covered,No,246.55
1668,Hyderabad,1488,2,24,Fully-Furnished,Covered,No,105.02
1669,Chennai,3042,5,2,Unfurnished,Open,Yes,227.51
1670,Mumbai,1577,3,0,Unfurnished,Covered,Yes,299.46
1671,Chennai,3394,6,0,Semi-Furnished,None,Yes,271.03
1672,Ahmedabad,959,2,18,Semi-Furnished,Open,Yes,84.47
1673,Delhi,3364,6,4,Fully-Furnished,None,Yes,366.02
1674,Chennai,1671,3,12,Fully-Furnished,Open,Yes,121.97
1675,Mumbai,2213,4,18,Unfurnished,Covered,Yes,404.39
1676,Delhi,3315,5,11,Unfurnished,Covered,Yes,332.34
1677,Chennai,1009,1,15,Fully-Furnished,Open,Yes,90.08
1678,Hyderabad,2861,5,24,Semi-Furnished,Open,Yes,191.06
1679,Pune,683,1,24,Unfurnished,Covered,Yes,48.77
1680,Delhi,3328,6,18,Semi-Furnished,Covered,No,328.13
1681,Pune,1491,2,2,Semi-Furnished,Covered,No,143.01
1682,Delhi,1216,3,11,Semi-Furnished,Covered,Yes,155.89
1683,Hyderabad,482,1,29,Semi-Furnished,Open,Yes,39.77
1684,Pune,2320,3,4,Unfurnished,Covered,Yes,198.81
1685,Bangalore,3891,6,1,Fully-Furnished,None,Yes,365.91
1686,Mumbai,3544,5,21,Semi-Furnished,Open,Yes,631.09
1687,Bangalore,2493,4,6,Semi-Furnished,Open,Yes,244.31
1688,Chennai,575,1,12,Unfurnished,Open,Yes,46.78
1689,Hyderabad,3104,6,24,Semi-Furnished,Covered,Yes,197.47
1690,Bangalore,769,2,14,Unfurnished,Covered,Yes,99.31
1691,Delhi,2218,3,21,Unfurnished,None,No,152.78
1692,Chennai,2501,5,2,Semi-Furnished,None,Yes,202.36
1693,Chennai,3890,6,27,Unfurnished,Open,Yes,304.77
1694,Bangalore,2179,3,20,Semi-Furnished,Open,Yes,187.79
1695,Bangalore,1764,2,19,Unfurnished,Covered,Yes,148.38
1696,Hyderabad,3742,6,30,Semi-Furnished,Covered,Yes,251.87
1697,Mumbai,4076,6,4,Unfurnished,Covered,Yes,697.09
1698,Bangalore,2826,5,23,Unfurnished,Covered,Yes,242.69
1699,Ahmedabad,472,1,7,Unfurnished,Covered,Yes,56.46
1700,Bangalore,3362,5,21,Fully-Furnished,Open,Yes,323.73
1701,Pune,1259,2,0,Fully-Furnished,Open,Yes,148.53
1702,Delhi,4256,6,7,Unfurnished,Open,Yes,404.95
1703,Ahmedabad,2824,5,23,Semi-Furnished,Open,Yes,183.63
1704,Ahmedabad,1464,3,17,Semi-Furnished,Covered,Yes,121.63
1705,Pune,2617,5,19,Fully-Furnished,Open,Yes,215.31
1706,Pune,4417,6,27,Unfurnished,Open,Yes,343.62
1707,Chennai,2659,5,15,Semi-Furnished,Open,Yes,185.56
1708,Mumbai,4151,6,17,Unfurnished,Covered,No,636.05
1709,Delhi,2486,5,19,Unfurnished,Open,No,247.72
1710,Hyderabad,768,2,11,Fully-Furnished,Covered,Yes,91.24
1711,Ahmedabad,3204,6,12,Semi-Furnished,Covered,No,227.56
1712,Hyderabad,550,1,12,Unfurnished,Open,Yes,42.45
1713,Bangalore,1534,2,9,Unfurnished,Open,No,179.57
1714,Bangalore,3184,5,6,Semi-Furnished,Covered,Yes,310.33
1715,Hyderabad,2746,5,24,Semi-Furnished,Open,Yes,182.76
1716,Bangalore,2650,5,13,Unfurnished,Covered,Yes,258.04
1717,Mumbai,460,1,29,Fully-Furnished,Open,Yes,118.0
1718,Pune,3410,5,23,Unfurnished,None,Yes,277.56
1719,Bangalore,4301,6,15,Unfurnished,Covered,No,349.55
1720,Chennai,1737,2,14,Fully-Furnished,Covered,Yes,149.42
1721,Bangalore,1584,2,11,Unfurnished,Covered,Yes,146.45
1722,Delhi,1951,3,8,Unfurnished,Covered,Yes,177.52
1723,Mumbai,2029,3,7,Semi-Furnished,Covered,Yes,465.99
1724,Delhi,1727,3,17,Fully-Furnished,Covered,Yes,175.54
1725,Delhi,1926,3,22,Unfurnished,Covered,Yes,167.36
1726,Chennai,2073,3,17,Fully-Furnished,Open,Yes,163.17
1727,Mumbai,1761,3,12,Semi-Furnished,Open,Yes,307.06
1728,Mumbai,1973,3,27,Unfurnished,Covered,Yes,357.61
1729,Mumbai,3086,6,26,Semi-Furnished,Open,Yes,587.03
1730,Mumbai,2766,4,17,Unfurnished,Open,Yes,541.81
1731,Mumbai,4157,6,14,Semi-Furnished,Open,No,749.84
1732,Chennai,2834,5,3,Semi-Furnished,Open,Yes,220.52
1733,Bangalore,2393,4,16,Fully-Furnished,Open,Yes,221.29
1734,Delhi,1269,3,30,Unfurnished,None,Yes,130.61
1735,Mumbai,1414,3,4,Semi-Furnished,Covered,Yes,243.97
1736,Ahmedabad,2311,3,21,Semi-Furnished,Open,Yes,184.09
1737,Bangalore,1002,1,15,Unfurnished,Open,Yes,79.96
1738,Bangalore,4221,6,8,Unfurnished,None,Yes,427.4
1739,Delhi,1090,2,9,Unfurnished,None,Yes,118.89
1740,Chennai,893,2,23,Semi-Furnished,Open,Yes,74.39
1741,Hyderabad,889,1,17,Semi-Furnished,Covered,Yes,68.13
1742,Hyderabad,2956,5,16,Unfurnished,None,Yes,186.72
1743,Bangalore,694,2,17,Fully-Furnished,Covered,Yes,110.81
1744,Pune,4427,6,6,Fully-Furnished,Open,Yes,391.67
1745,Pune,3243,6,3,Semi-Furnished,Open,Yes,230.17
1746,Delhi,3312,5,25,Unfurnished,None,No,339.33
1747,Hyderabad,2117,4,4,Semi-Furnished,None,Yes,181.27
1748,Bangalore,2996,5,27,Unfurnished,Covered,Yes,244.02
1749,Chennai,2273,3,22,Unfurnished,Covered,Yes,171.83
1750,Hyderabad,3658,6,15,Semi-Furnished,Covered,Yes,256.02
1751,Bangalore,3217,6,2,Unfurnished,None,Yes,342.68
1752,Bangalore,844,1,25,Unfurnished,Open,Yes,67.72
1753,Mumbai,4041,6,17,Unfurnished,Open,Yes,712.23
1754,Chennai,1141,1,28,Unfurnished,Covered,Yes,78.45
1755,Mumbai,2441,5,22,Unfurnished,Open,Yes,378.3
1756,Delhi,1079,2,20,Fully-Furnished,Covered,Yes,161.71
1757,Mumbai,2867,4,13,Unfurnished,Open,Yes,451.53
1758,Ahmedabad,4097,6,14,Unfurnished,Open,No,291.91
1759,Mumbai,1758,2,16,Unfurnished,Open,Yes,269.62
1760,Ahmedabad,462,1,0,Fully-Furnished,None,No,65.98
1761,Hyderabad,2959,5,24,Semi-Furnished,Covered,No,202.75
1762,Pune,4169,6,20,Unfurnished,Open,No,276.16
1763,Bangalore,534,1,16,Fully-Furnished,Covered,No,75.78
1764,Ahmedabad,4044,6,22,Unfurnished,None,Yes,280.0
1765,Chennai,2535,5,24,Unfurnished,Covered,Yes,211.98
1766,Mumbai,3678,6,10,Unfurnished,None,Yes,736.91
1767,Ahmedabad,1222,3,16,Unfurnished,Covered,Yes,102.32
1768,Chennai,3474,6,25,Unfurnished,Covered,No,242.28
1769,Pune,3381,5,13,Semi-Furnished,Covered,No,265.14
1770,Pune,520,1,28,Unfurnished,Open,Yes,41.7
1771,Mumbai,2037,4,19,Semi-Furnished,Covered,Yes,386.27
1772,Delhi,1324,2,29,Unfurnished,Open,Yes,131.31
1773,Mumbai,1044,2,18,Unfurnished,None,Yes,205.09
1774,Hyderabad,2432,4,20,Semi-Furnished,Open,Yes,170.74
1775,Ahmedabad,3161,5,6,Fully-Furnished,None,Yes,286.91
1776,Bangalore,2468,5,23,Unfurnished,Covered,No,218.63
1777,Delhi,641,2,12,Semi-Furnished,None,Yes,95.15
1778,Mumbai,3068,5,17,Unfurnished,Open,No,556.1
1779,Chennai,1202,2,22,Unfurnished,Covered,Yes,93.58
1780,Delhi,595,1,29,Unfurnished,Open,No,62.33
1781,Ahmedabad,2587,5,13,Unfurnished,Covered,Yes,183.3
1782,Delhi,3915,6,0,Unfurnished,None,No,413.79
1783,Ahmedabad,2730,4,6,Unfurnished,Open,Yes,153.07
1784,Mumbai,2759,4,7,Semi-Furnished,Open,Yes,500.91
1785,Ahmedabad,4006,6,17,Unfurnished,Covered,Yes,329.6
1786,Delhi,676,1,8,Semi-Furnished,Covered,No,80.04
1787,Chennai,460,1,0,Unfurnished,Covered,Yes,65.08
1788,Pune,3790,6,28,Semi-Furnished,None,Yes,267.09
1789,Delhi,2313,3,21,Semi-Furnished,Open,Yes,219.69
1790,Ahmedabad,4327,6,16,Unfurnished,None,Yes,339.99
1791,Pune,2991,4,18,Unfurnished,None,No,220.29
1792,Ahmedabad,966,2,26,Semi-Furnished,Open,Yes,64.54
1793,Chennai,4335,6,5,Fully-Furnished,Covered,Yes,303.29
1794,Ahmedabad,1971,3,2,Unfurnished,Open,No,170.84
1795,Mumbai,1600,2,23,Unfurnished,Open,Yes,308.95
1796,Bangalore,3254,5,4,Fully-Furnished,Covered,No,337.85
1797,Delhi,3295,6,1,Unfurnished,Covered,Yes,395.97
1798,Bangalore,1636,3,19,Semi-Furnished,Open,Yes,145.34
1799,Ahmedabad,536,1,24,Unfurnished,Open,Yes,57.71
1800,Chennai,1429,2,3,Unfurnished,Open,Yes,121.4
1801,Delhi,2556,5,9,Semi-Furnished,None,Yes,239.39
1802,Ahmedabad,2994,5,9,Semi-Furnished,Covered,Yes,224.66
1803,Pune,1061,2,23,Unfurnished,Open,Yes,65.5
1804,Hyderabad,2872,4,20,Semi-Furnished,Covered,Yes,230.29
1805,Ahmedabad,3077,6,10,Semi-Furnished,Covered,No,274.36
1806,Bangalore,2708,4,26,Semi-Furnished,Covered,Yes,208.26
1807,Delhi,486,1,15,Unfurnished,Open,Yes,64.52
1808,Bangalore,2912,5,25,Semi-Furnished,Open,No,238.09
1809,Delhi,3342,5,28,Semi-Furnished,Covered,Yes,290.41
1810,Ahmedabad,3173,5,28,Semi-Furnished,Open,Yes,190.44
1811,Mumbai,2904,4,29,Semi-Furnished,Open,No,475.19
1812,Pune,3710,6,30,Unfurnished,None,No,252.77
1813,Ahmedabad,2100,4,16,Semi-Furnished,None,Yes,160.67
1814,Bangalore,4070,6,15,Semi-Furnished,Covered,Yes,357.33
1815,Hyderabad,3100,5,6,Unfurnished,Open,Yes,249.26
1816,Hyderabad,4029,6,15,Semi-Furnished,Open,Yes,265.33
1817,Chennai,2047,3,2,Unfurnished,Open,Yes,167.89
1818,Delhi,3718,6,25,Semi-Furnished,Open,Yes,381.19
1819,Bangalore,4087,6,15,Unfurnished,Covered,Yes,364.69
1820,Chennai,996,2,7,Semi-Furnished,Covered,Yes,93.78
1821,Bangalore,884,2,29,Fully-Furnished,Open,Yes,90.83
1822,Delhi,1045,1,11,Semi-Furnished,None,Yes,126.03
1823,Ahmedabad,3489,6,2,Fully-Furnished,Open,Yes,252.2
1824,Ahmedabad,1120,1,16,Fully-Furnished,Covered,Yes,119.92
1825,Hyderabad,898,1,20,Unfurnished,Open,Yes,71.29
1826,Ahmedabad,2073,4,17,Semi-Furnished,Covered,Yes,158.57
1827,Ahmedabad,3467,5,10,Semi-Furnished,None,Yes,267.61
1828,Mumbai,514,1,3,Fully-Furnished,Covered,Yes,163.93
1829,Hyderabad,3379,6,15,Unfurnished,None,Yes,216.26
1830,Chennai,2136,3,16,Fully-Furnished,Covered,Yes,184.19
1831,Pune,4011,6,8,Semi-Furnished,Open,Yes,325.81
1832,Mumbai,2653,4,5,Semi-Furnished,Covered,Yes,421.91
1833,Chennai,2694,4,23,Unfurnished,None,Yes,199.04
1834,Delhi,4030,6,26,Unfurnished,Open,Yes,334.17
1835,Mumbai,546,1,19,Semi-Furnished,Covered,Yes,151.27
1836,Chennai,4382,6,24,Unfurnished,Open,Yes,285.75
1837,Delhi,3853,6,1,Fully-Furnished,Covered,Yes,391.99
1838,Hyderabad,2810,5,8,Unfurnished,Covered,No,220.79
1839,Pune,536,1,27,Semi-Furnished,Open,Yes,48.76
1840,Delhi,3760,6,20,Unfurnished,Open,Yes,319.21
1841,Ahmedabad,3405,6,28,Semi-Furnished,Open,No,213.76
1842,Bangalore,3952,6,5,Semi-Furnished,Open,No,308.94
1843,Delhi,418,1,2,Unfurnished,Open,Yes,74.04
1844,Delhi,2642,5,19,Unfurnished,Covered,Yes,274.25
1845,Pune,848,2,5,Unfurnished,Open,Yes,77.99
1846,Bangalore,2348,3,6,Semi-Furnished,Open,Yes,188.79
1847,Ahmedabad,1345,3,0,Semi-Furnished,Open,Yes,134.62
1848,Chennai,2320,4,22,Semi-Furnished,None,Yes,169.69
1849,Chennai,3377,6,0,Semi-Furnished,Open,Yes,326.3
1850,Delhi,4415,6,4,Semi-Furnished,Covered,Yes,437.35
1851,Bangalore,638,1,5,Unfurnished,Covered,Yes,93.86
1852,Bangalore,604,1,12,Unfurnished,Open,No,56.23
1853,Ahmedabad,3007,5,1,Unfurnished,Covered,Yes,204.06
1854,Pune,3788,6,14,Fully-Furnished,Open,Yes,273.21
1855,Hyderabad,3372,5,14,Fully-Furnished,Covered,Yes,272.87
1856,Chennai,3087,6,12,Unfurnished,Covered,Yes,280.97
1857,Pune,1748,2,25,Semi-Furnished,Covered,Yes,128.36
1858,Mumbai,1216,2,24,Fully-Furnished,None,No,222.46
1859,Chennai,1220,3,13,Semi-Furnished,Open,No,91.67
1860,Pune,592,1,25,Unfurnished,None,Yes,36.52
1861,Chennai,2176,4,21,Unfurnished,Covered,Yes,177.55
1862,Hyderabad,4045,6,6,Semi-Furnished,Open,Yes,288.4
1863,Mumbai,650,1,13,Fully-Furnished,Covered,Yes,167.23
1864,Hyderabad,2188,4,30,Semi-Furnished,Open,Yes,125.82
1865,Ahmedabad,4100,6,25,Unfurnished,Covered,Yes,343.44
1866,Mumbai,2863,5,30,Unfurnished,None,Yes,474.09
1867,Delhi,1567,3,23,Semi-Furnished,None,Yes,170.28
1868,Pune,4293,6,26,Fully-Furnished,Open,Yes,283.76
1869,Mumbai,1496,3,30,Semi-Furnished,Open,No,264.27
1870,Ahmedabad,3079,5,28,Semi-Furnished,Open,Yes,231.61
1871,Ahmedabad,2247,4,9,Unfurnished,Covered,Yes,189.35
1872,Hyderabad,4304,6,16,Fully-Furnished,None,Yes,298.46
1873,Chennai,904,2,13,Semi-Furnished,Open,Yes,89.08
1874,Mumbai,2021,3,7,Unfurnished,Covered,Yes,340.44
1875,Pune,2872,4,3,Semi-Furnished,None,Yes,241.21
1876,Mumbai,2946,4,25,Unfurnished,Covered,No,499.52
1877,Bangalore,1787,3,15,Unfurnished,Covered,Yes,167.69
1878,Chennai,3394,6,23,Unfurnished,None,Yes,244.56
1879,Pune,4216,6,12,Unfurnished,Open,Yes,284.46
1880,Pune,1117,2,30,Unfurnished,Open,No,68.25
1881,Delhi,3884,6,21,Semi-Furnished,Covered,No,279.45
1882,Hyderabad,1058,2,26,Semi-Furnished,Open,Yes,82.22
1883,Delhi,4408,6,24,Semi-Furnished,Covered,Yes,452.99
1884,Pune,4164,6,26,Unfurnished,Covered,Yes,341.41
1885,Chennai,3389,5,19,Unfurnished,None,Yes,249.06
1886,Mumbai,2504,4,17,Semi-Furnished,Covered,Yes,362.62
1887,Mumbai,1655,3,13,Unfurnished,Covered,Yes,288.17
1888,Chennai,2882,5,17,Unfurnished,Open,Yes,217.12
1889,Pune,783,1,4,Fully-Furnished,Covered,Yes,95.46
1890,Ahmedabad,3007,6,25,Semi-Furnished,Covered,Yes,226.29
1891,Mumbai,593,1,8,Fully-Furnished,Open,No,156.1
1892,Ahmedabad,4207,6,27,Semi-Furnished,Open,Yes,301.51
1893,Mumbai,4119,6,2,Unfurnished,Open,Yes,735.64
1894,Mumbai,2981,4,7,Semi-Furnished,None,Yes,503.78
1895,Hyderabad,2965,4,19,Unfurnished,Covered,Yes,218.95
1896,Hyderabad,3163,6,21,Semi-Furnished,None,Yes,207.15
1897,Bangalore,3198,5,9,Unfurnished,Covered,Yes,243.65
1898,Delhi,2739,4,21,Fully-Furnished,Open,Yes,254.2
1899,Chennai,3806,6,18,Unfurnished,None,Yes,263.45
1900,Chennai,1131,2,29,Fully-Furnished,Covered,Yes,106.96
1901,Chennai,3272,5,20,Fully-Furnished,Covered,Yes,251.27
1902,Bangalore,3520,6,27,Semi-Furnished,Open,No,275.57
1903,Hyderabad,3004,5,2,Semi-Furnished,Open,Yes,193.54
1904,Pune,2782,4,10,Semi-Furnished,None,Yes,242.16
1905,Ahmedabad,931,2,30,Fully-Furnished,Open,Yes,77.4
1906,Ahmedabad,1034,1,10,Semi-Furnished,Open,No,89.14
1907,Pune,2169,3,30,Semi-Furnished,Open,Yes,188.03
1908,Bangalore,4204,6,16,Semi-Furnished,Covered,Yes,376.8
1909,Pune,2770,4,15,Fully-Furnished,Open,No,182.55
1910,Chennai,402,1,6,Semi-Furnished,Covered,Yes,48.67
1911,Delhi,605,1,3,Semi-Furnished,Covered,Yes,94.94
1912,Mumbai,3021,5,29,Semi-Furnished,Open,Yes,467.74
1913,Ahmedabad,3290,6,22,Fully-Furnished,Covered,No,262.81
1914,Hyderabad,3593,5,18,Semi-Furnished,Open,Yes,242.75
1915,Hyderabad,3066,6,11,Unfurnished,Covered,Yes,223.97
1916,Bangalore,3706,6,14,Semi-Furnished,Open,Yes,296.86
1917,Hyderabad,1297,3,30,Fully-Furnished,None,Yes,112.6
1918,Chennai,1485,2,10,Semi-Furnished,Covered,Yes,164.65
1919,Ahmedabad,1679,3,4,Fully-Furnished,Open,Yes,151.62
1920,Pune,1070,1,4,Unfurnished,Covered,Yes,104.74
1921,Chennai,1905,4,14,Semi-Furnished,Covered,Yes,161.26
1922,Bangalore,3975,6,28,Semi-Furnished,None,Yes,316.89
1923,Chennai,2355,3,17,Fully-Furnished,Open,No,161.08
1924,Pune,649,2,10,Unfurnished,Open,Yes,60.08
1925,Delhi,2292,3,25,Fully-Furnished,Covered,No,198.0
1926,Bangalore,3839,6,11,Semi-Furnished,Covered,Yes,349.54
1927,Delhi,2253,3,1,Unfurnished,Open,Yes,222.42
1928,Mumbai,3254,5,19,Unfurnished,Open,Yes,424.63
1929,Delhi,1903,3,14,Unfurnished,Covered,Yes,207.32
1930,Mumbai,3785,6,19,Semi-Furnished,None,No,629.13
1931,Mumbai,3971,6,3,Unfurnished,Covered,No,763.91
1932,Delhi,4192,6,21,Unfurnished,Covered,Yes,412.32
1933,Bangalore,3826,6,17,Fully-Furnished,Covered,Yes,287.41
1934,Pune,443,1,5,Unfurnished,Open,Yes,41.44
1935,Chennai,4012,6,22,Unfurnished,None,Yes,262.25
1936,Chennai,3018,5,26,Semi-Furnished,Open,Yes,206.01
1937,Pune,3563,6,25,Semi-Furnished,None,Yes,299.43
1938,Ahmedabad,1688,3,18,Semi-Furnished,Covered,Yes,141.5
1939,Ahmedabad,3342,5,10,Semi-Furnished,None,Yes,283.51
1940,Mumbai,619,2,27,Semi-Furnished,Covered,No,121.67
1941,Mumbai,2325,3,23,Semi-Furnished,Open,No,437.9
1942,Bangalore,3372,5,1,Unfurnished,Open,Yes,317.72
1943,Hyderabad,3913,6,26,Unfurnished,None,No,190.3
1944,Delhi,2848,4,7,Semi-Furnished,Covered,Yes,331.98
1945,Mumbai,3871,6,28,Unfurnished,Open,Yes,672.19
1946,Chennai,3174,6,10,Semi-Furnished,Open,Yes,256.9
1947,Bangalore,1390,3,4,Semi-Furnished,Covered,Yes,136.3
1948,Delhi,3346,6,17,Unfurnished,Open,Yes,367.1
1949,Bangalore,2212,4,22,Unfurnished,Open,No,158.87
1950,Delhi,1203,2,29,Unfurnished,Open,No,122.45
1951,Delhi,889,2,17,Semi-Furnished,None,Yes,114.21
1952,Pune,3956,6,13,Semi-Furnished,Covered,Yes,285.96
1953,Mumbai,1893,4,21,Semi-Furnished,Open,Yes,428.0
1954,Bangalore,4045,6,9,Unfurnished,None,Yes,349.1
1955,Bangalore,3291,6,2,Semi-Furnished,Open,Yes,318.56
1956,Pune,2105,4,8,Fully-Furnished,Covered,Yes,164.07
1957,Chennai,3916,6,2,Unfurnished,Open,Yes,357.99
1958,Chennai,3740,6,10,Semi-Furnished,Covered,Yes,251.92
1959,Ahmedabad,453,1,30,Fully-Furnished,None,Yes,51.14
1960,Mumbai,2975,4,11,Unfurnished,Open,Yes,477.93
1961,Mumbai,3991,6,11,Semi-Furnished,Covered,Yes,664.73
1962,Hyderabad,1015,2,2,Unfurnished,None,Yes,93.15
1963,Pune,1354,2,20,Semi-Furnished,Covered,Yes,128.54
1964,Chennai,2833,4,6,Unfurnished,None,Yes,186.22
1965,Delhi,2029,3,13,Fully-Furnished,Covered,Yes,246.78
1966,Bangalore,3181,6,23,Semi-Furnished,Open,No,287.47
1967,Mumbai,1049,1,27,Semi-Furnished,Covered,Yes,191.02
1968,Bangalore,2747,5,10,Semi-Furnished,None,Yes,285.33
1969,Bangalore,3678,6,6,Semi-Furnished,None,Yes,275.08
1970,Hyderabad,3040,6,24,Semi-Furnished,Open,Yes,195.9
1971,Chennai,4201,6,20,Fully-Furnished,None,Yes,323.55
1972,Mumbai,2961,4,9,Fully-Furnished,Open,Yes,496.47
1973,Bangalore,3649,6,10,Semi-Furnished,Open,No,311.44
1974,Mumbai,770,1,14,Fully-Furnished,Open,Yes,185.28
1975,Delhi,1257,3,18,Semi-Furnished,Covered,Yes,143.38
1976,Hyderabad,783,1,15,Semi-Furnished,Covered,Yes,75.14
1977,Delhi,4277,6,21,Semi-Furnished,Covered,Yes,400.52
1978,Mumbai,2952,4,20,Unfurnished,Open,Yes,531.57
1979,Ahmedabad,3125,6,27,Unfurnished,Open,Yes,253.86
1980,Mumbai,4434,6,19,Unfurnished,Open,No,783.3
1981,Chennai,3693,6,11,Semi-Furnished,Covered,Yes,305.53
1982,Bangalore,4388,6,17,Unfurnished,Open,No,304.96
1983,Bangalore,1322,3,22,Semi-Furnished,None,Yes,129.23
1984,Delhi,3315,6,12,Fully-Furnished,Covered,Yes,313.76
1985,Hyderabad,3350,5,4,Unfurnished,Open,Yes,204.19
1986,Ahmedabad,3446,6,3,Semi-Furnished,Covered,Yes,275.59
1987,Pune,1374,3,27,Unfurnished,Covered,No,96.15
1988,Bangalore,1630,2,13,Unfurnished,None,Yes,154.88
1989,Chennai,2835,4,7,Semi-Furnished,None,Yes,235.62
1990,Delhi,2214,3,8,Semi-Furnished,Open,No,177.92
1991,Delhi,3334,5,24,Semi-Furnished,Covered,No,282.97
1992,Pune,1763,2,18,Unfurnished,Open,Yes,116.75
1993,Chennai,4340,6,2,Semi-Furnished,Covered,No,301.19
1994,Hyderabad,603,2,4,Unfurnished,Open,Yes,65.83
1995,Chennai,560,1,20,Unfurnished,Open,No,44.5
1996,Hyderabad,1168,1,25,Unfurnished,None,Yes,67.43
1997,Chennai,4148,6,17,Unfurnished,Covered,No,324.63
1998,Chennai,2981,4,0,Unfurnished,Open,Yes,176.84
1999,Mumbai,1493,2,7,Unfurnished,Covered,Yes,333.14
2000,Delhi,1007,2,18,Fully-Furnished,Open,Yes,117.32
2001,Chennai,1940,3,16,Unfurnished,Open,Yes,145.44
2002,Pune,3275,5,16,Unfurnished,Covered,Yes,244.75
2003,Chennai,3591,6,10,Unfurnished,Covered,Yes,314.47
2004,Bangalore,2237,3,30,Semi-Furnished,Open,No,154.85
2005,Delhi,1089,1,1,Unfurnished,Open,Yes,128.59
2006,Bangalore,4159,6,5,Fully-Furnished,Covered,Yes,391.45
2007,Delhi,3349,5,21,Fully-Furnished,Open,Yes,277.57
2008,Bangalore,2503,4,13,Unfurnished,None,No,186.88
2009,Chennai,765,2,2,Semi-Furnished,Covered,Yes,88.24
2010,Chennai,3975,6,11,Unfurnished,None,Yes,263.82
2011,Mumbai,2778,5,3,Semi-Furnished,None,No,449.39
2012,Pune,1605,3,11,Semi-Furnished,None,Yes,134.28
2013,Bangalore,4239,6,12,Unfurnished,Covered,Yes,382.57
2014,Hyderabad,3135,5,1,Unfurnished,Covered,Yes,220.67
2015,Mumbai,3747,6,1,Semi-Furnished,Open,No,711.51
2016,Bangalore,2075,3,14,Semi-Furnished,Open,Yes,168.3
2017,Bangalore,698,1,22,Unfurnished,Open,Yes,57.19
2018,Mumbai,1356,3,28,Semi-Furnished,Covered,No,302.93
2019,Chennai,1514,3,16,Semi-Furnished,None,Yes,114.81
2020,Bangalore,2905,4,6,Fully-Furnished,Covered,Yes,234.98
2021,Chennai,1874,4,29,Unfurnished,Open,No,106.73
2022,Mumbai,4126,6,27,Semi-Furnished,Covered,Yes,793.44
2023,Chennai,3871,6,13,Semi-Furnished,None,Yes,276.72
2024,Delhi,3228,5,11,Unfurnished,Covered,Yes,312.58
2025,Hyderabad,3250,6,29,Semi-Furnished,Open,No,203.26
2026,Ahmedabad,2906,4,16,Semi-Furnished,None,Yes,240.01
2027,Bangalore,4170,6,13,Fully-Furnished,Covered,Yes,359.36
2028,Pune,3364,5,5,Unfurnished,Covered,No,321.76
2029,Hyderabad,1349,3,18,Semi-Furnished,Open,Yes,105.12
2030,Ahmedabad,3250,6,23,Unfurnished,Covered,Yes,269.0
2031,Chennai,565,1,5,Fully-Furnished,Open,No,75.53
2032,Bangalore,3886,6,26,Unfurnished,Covered,Yes,320.36
2033,Chennai,2909,5,17,Fully-Furnished,Open,No,204.21
2034,Delhi,1319,2,23,Fully-Furnished,Open,Yes,150.93
2035,Mumbai,513,1,4,Unfurnished,Open,Yes,143.19
2036,Bangalore,3904,6,23,Fully-Furnished,Open,Yes,314.66
2037,Ahmedabad,1391,3,23,Fully-Furnished,Covered,Yes,128.16
2038,Ahmedabad,4239,6,5,Unfurnished,None,Yes,353.16
2039,Delhi,1658,2,1,Semi-Furnished,None,Yes,221.58
2040,Delhi,3826,6,7,Semi-Furnished,Open,No,392.36
2041,Bangalore,914,2,14,Unfurnished,Covered,Yes,114.32
2042,Chennai,3596,5,14,Unfurnished,None,Yes,242.59
2043,Pune,2984,4,10,Unfurnished,Open,Yes,251.66
2044,Ahmedabad,467,1,21,Unfurnished,Covered,Yes,55.03
2045,Ahmedabad,1996,4,21,Semi-Furnished,Open,Yes,144.3
2046,Delhi,418,1,23,Unfurnished,Covered,Yes,54.99
2047,Hyderabad,3130,6,0,Fully-Furnished,Covered,Yes,288.59
2048,Delhi,3921,6,17,Semi-Furnished,Open,Yes,342.16
2049,Pune,972,1,11,Unfurnished,Covered,Yes,76.72
2050,Chennai,2658,5,11,Semi-Furnished,Covered,Yes,246.54
2051,Chennai,3302,5,24,Semi-Furnished,Open,Yes,267.96
2052,Hyderabad,1050,1,10,Fully-Furnished,Open,No,91.54
2053,Ahmedabad,2987,5,27,Unfurnished,Covered,Yes,218.05
2054,Delhi,3662,6,7,Unfurnished,Open,Yes,344.72
2055,Chennai,1738,2,27,Fully-Furnished,Covered,Yes,141.08
2056,Pune,4034,6,6,Fully-Furnished,Open,Yes,383.5
2057,Bangalore,3227,6,22,Semi-Furnished,Open,Yes,284.12
2058,Mumbai,2617,5,20,Semi-Furnished,Open,No,551.83
2059,Mumbai,3939,6,1,Unfurnished,None,Yes,634.64
2060,Mumbai,1437,3,10,Semi-Furnished,None,Yes,287.71
2061,Ahmedabad,4378,6,21,Unfurnished,Covered,Yes,304.14
2062,Delhi,3361,6,9,Unfurnished,Covered,Yes,301.11
2063,Hyderabad,3626,6,2,Fully-Furnished,Covered,No,255.85
2064,Chennai,1498,2,19,Unfurnished,Covered,Yes,121.06
2065,Bangalore,2724,5,28,Semi-Furnished,Covered,Yes,247.84
2066,Pune,1339,2,9,Fully-Furnished,Open,Yes,155.69
2067,Bangalore,4116,6,27,Unfurnished,Covered,Yes,353.28
2068,Pune,3814,6,26,Fully-Furnished,Open,Yes,333.8
2069,Ahmedabad,1848,3,17,Fully-Furnished,Covered,No,153.29
2070,Delhi,970,1,13,Semi-Furnished,Covered,Yes,137.58
2071,Mumbai,3304,6,17,Unfurnished,Open,Yes,726.43
2072,Delhi,2905,4,27,Unfurnished,Open,Yes,286.17
2073,Ahmedabad,1317,2,23,Semi-Furnished,Open,Yes,95.16
2074,Hyderabad,2274,3,7,Unfurnished,None,Yes,150.32
2075,Hyderabad,2078,4,9,Unfurnished,Open,Yes,156.64
2076,Ahmedabad,1015,2,21,Fully-Furnished,Open,Yes,100.02
2077,Pune,2149,4,12,Unfurnished,None,Yes,186.57
2078,Chennai,4225,6,20,Semi-Furnished,Covered,No,308.05
2079,Chennai,2877,5,7,Unfurnished,Covered,Yes,225.93
2080,Pune,3905,6,3,Semi-Furnished,Covered,Yes,301.28
2081,Hyderabad,3875,6,26,Fully-Furnished,Covered,Yes,277.75
2082,Hyderabad,1535,3,3,Unfurnished,Open,Yes,144.42
2083,Hyderabad,4400,6,4,Unfurnished,Open,Yes,329.54
2084,Delhi,774,2,0,Semi-Furnished,Covered,No,116.85
2085,Hyderabad,606,2,16,Semi-Furnished,Covered,Yes,68.94
2086,Bangalore,1719,2,1,Semi-Furnished,Open,Yes,161.29
2087,Mumbai,1541,2,29,Unfurnished,Covered,Yes,271.03
2088,Hyderabad,3090,6,7,Unfurnished,Covered,Yes,208.24
2089,Pune,3655,6,6,Fully-Furnished,Covered,Yes,305.64
2090,Mumbai,489,1,30,Fully-Furnished,Covered,No,116.23
2091,Delhi,3420,5,14,Semi-Furnished,Open,Yes,375.89
2092,Pune,2257,3,25,Fully-Furnished,Covered,Yes,176.72
2093,Mumbai,1204,3,24,Semi-Furnished,Covered,Yes,226.36
2094,Pune,1344,2,4,Semi-Furnished,None,Yes,146.92
2095,Delhi,3189,6,1,Unfurnished,Covered,Yes,315.14
2096,Bangalore,4275,6,6,Semi-Furnished,Open,No,355.83
2097,Delhi,2010,4,30,Semi-Furnished,Open,Yes,208.28
2098,Delhi,3323,5,7,Unfurnished,Open,No,276.75
2099,Pune,4282,6,27,Semi-Furnished,None,No,343.5
2100,Ahmedabad,3621,6,6,Semi-Furnished,Open,Yes,299.84
2101,Chennai,2787,4,29,Semi-Furnished,Covered,Yes,234.25
2102,Hyderabad,1341,2,6,Semi-Furnished,None,Yes,99.78
2103,Hyderabad,2966,5,27,Fully-Furnished,Open,No,197.47
2104,Bangalore,1375,2,30,Unfurnished,None,Yes,110.95
2105,Bangalore,1354,3,13,Semi-Furnished,Open,Yes,138.36
2106,Hyderabad,1662,3,20,Semi-Furnished,Covered,Yes,106.25
2107,Chennai,1343,3,17,Semi-Furnished,Covered,Yes,118.88
2108,Hyderabad,2602,4,5,Unfurnished,Covered,Yes,163.04
2109,Ahmedabad,3727,6,3,Unfurnished,Covered,Yes,300.42
2110,Chennai,2659,4,9,Fully-Furnished,Open,Yes,168.89
2111,Bangalore,2228,4,17,Semi-Furnished,Covered,No,158.37
2112,Mumbai,1657,3,11,Fully-Furnished,Covered,Yes,363.22
2113,Pune,864,2,15,Semi-Furnished,Open,Yes,78.57
2114,Ahmedabad,3694,6,24,Semi-Furnished,Covered,No,236.51
2115,Ahmedabad,1630,3,6,Fully-Furnished,Covered,Yes,175.15
2116,Bangalore,3054,5,5,Semi-Furnished,Covered,No,274.49
2117,Bangalore,1284,3,27,Unfurnished,Open,Yes,122.47
2118,Delhi,4205,6,4,Semi-Furnished,Covered,Yes,411.16
2119,Ahmedabad,4256,6,2,Fully-Furnished,None,Yes,419.06
2120,Delhi,3535,5,11,Unfurnished,Open,Yes,321.61
2121,Delhi,1324,2,30,Unfurnished,Open,No,143.19
2122,Pune,1946,4,14,Unfurnished,None,Yes,157.88
2123,Delhi,1494,3,9,Fully-Furnished,None,Yes,145.74
2124,Chennai,2811,5,25,Unfurnished,None,Yes,209.86
2125,Hyderabad,3017,6,19,Semi-Furnished,Covered,No,212.21
2126,Mumbai,1162,2,18,Semi-Furnished,Covered,Yes,215.08
2127,Bangalore,2723,5,15,Semi-Furnished,Covered,No,212.97
2128,Chennai,3175,5,27,Semi-Furnished,Open,Yes,228.23
2129,Mumbai,3555,5,10,Unfurnished,Open,Yes,649.05
2130,Ahmedabad,4370,6,7,Semi-Furnished,Covered,Yes,250.3
2131,Ahmedabad,2440,5,2,Semi-Furnished,None,Yes,226.08
2132,Ahmedabad,983,2,22,Fully-Furnished,Covered,Yes,92.2
2133,Chennai,2503,5,6,Unfurnished,Covered,Yes,176.01
2134,Chennai,2342,4,22,Fully-Furnished,None,Yes,198.65
2135,Bangalore,509,1,28,Semi-Furnished,Covered,Yes,55.76
2136,Hyderabad,591,1,6,Fully-Furnished,Covered,Yes,82.09
2137,Delhi,1303,3,13,Semi-Furnished,None,Yes,154.36
2138,Ahmedabad,1261,2,1,Semi-Furnished,None,Yes,118.49
2139,Pune,1483,3,9,Fully-Furnished,None,Yes,137.72
2140,Hyderabad,1049,2,18,Fully-Furnished,Open,Yes,93.88
2141,Pune,4011,6,25,Semi-Furnished,Open,No,279.65
2142,Bangalore,1036,1,8,Unfurnished,Open,No,88.84
2143,Bangalore,1436,2,15,Unfurnished,Open,Yes,137.61
2144,Bangalore,2548,5,18,Unfurnished,Covered,Yes,222.45
2145,Mumbai,4265,6,17,Unfurnished,Open,No,704.51
2146,Pune,3557,5,8,Unfurnished,None,Yes,308.33
2147,Hyderabad,3987,6,15,Fully-Furnished,Open,Yes,275.38
2148,Hyderabad,3694,6,12,Unfurnished,Open,Yes,251.93
2149,Chennai,2830,4,9,Semi-Furnished,Open,Yes,204.91
2150,Chennai,2279,4,24,Unfurnished,Open,Yes,172.54
2151,Ahmedabad,4366,6,19,Unfurnished,None,No,306.11
2152,Chennai,4113,6,13,Unfurnished,Covered,Yes,330.07
2153,Bangalore,2411,5,11,Unfurnished,Covered,Yes,208.69
2154,Hyderabad,3773,6,24,Semi-Furnished,Open,Yes,239.78
2155,Pune,2543,5,18,Fully-Furnished,Open,Yes,232.18
2156,Bangalore,2900,5,6,Unfurnished,Covered,Yes,268.26
2157,Mumbai,1689,3,22,Semi-Furnished,Covered,Yes,294.81
2158,Chennai,1847,4,14,Semi-Furnished,Open,Yes,171.69
2159,Bangalore,3599,5,15,Fully-Furnished,Covered,No,251.48
2160,Bangalore,2343,4,26,Semi-Furnished,Open,Yes,216.52
2161,Mumbai,3583,6,7,Semi-Furnished,Open,Yes,562.08
2162,Delhi,3616,6,9,Semi-Furnished,Covered,Yes,433.16
2163,Hyderabad,3536,5,30,Fully-Furnished,Covered,Yes,202.85
2164,Pune,3718,6,3,Unfurnished,Covered,Yes,338.73
2165,Ahmedabad,3182,6,18,Semi-Furnished,None,No,228.64
2166,Delhi,1390,3,18,Fully-Furnished,Open,No,147.2
2167,Chennai,2553,5,30,Semi-Furnished,Open,Yes,190.56
2168,Bangalore,625,2,27,Semi-Furnished,Open,Yes,69.38
2169,Mumbai,1176,2,20,Semi-Furnished,Covered,Yes,219.09
2170,Mumbai,3237,6,26,Unfurnished,Covered,Yes,525.33
2171,Hyderabad,1087,1,14,Semi-Furnished,Covered,Yes,93.47
2172,Delhi,929,2,13,Semi-Furnished,Covered,No,93.64
2173,Ahmedabad,3842,6,0,Semi-Furnished,Open,Yes,283.27
2174,Hyderabad,2553,5,15,Semi-Furnished,Covered,Yes,245.67
2175,Bangalore,1694,3,9,Fully-Furnished,Covered,Yes,157.79
2176,Hyderabad,1926,4,18,Unfurnished,Open,Yes,151.62
2177,Pune,3296,6,29,Semi-Furnished,Covered,Yes,243.2
2178,Mumbai,3503,5,21,Semi-Furnished,None,Yes,644.03
2179,Mumbai,2840,4,2,Semi-Furnished,Covered,Yes,560.92
2180,Chennai,4202,6,4,Unfurnished,Open,Yes,346.96
2181,Chennai,1244,2,8,Semi-Furnished,Open,Yes,108.29
2182,Ahmedabad,846,1,17,Fully-Furnished,Covered,Yes,105.94
2183,Bangalore,4315,6,10,Semi-Furnished,Covered,Yes,349.84
2184,Pune,3509,6,15,Fully-Furnished,Open,No,280.5
2185,Delhi,1634,3,1,Fully-Furnished,None,Yes,197.85
2186,Hyderabad,626,2,11,Unfurnished,Open,Yes,51.86
2187,Ahmedabad,3359,6,21,Unfurnished,Open,Yes,240.45
2188,Bangalore,2230,4,5,Fully-Furnished,Covered,Yes,225.24
2189,Chennai,4179,6,10,Fully-Furnished,Covered,Yes,308.16
2190,Hyderabad,586,1,26,Unfurnished,Open,Yes,48.89
2191,Chennai,3277,6,7,Unfurnished,Covered,Yes,233.77
2192,Hyderabad,2935,4,11,Unfurnished,Open,Yes,223.76
2193,Delhi,2332,3,28,Fully-Furnished,Covered,Yes,255.53
2194,Bangalore,3324,6,26,Unfurnished,Open,Yes,275.64
2195,Hyderabad,1248,3,29,Semi-Furnished,Open,No,77.13
2196,Pune,2432,5,1,Fully-Furnished,Covered,Yes,208.68
2197,Ahmedabad,1652,3,8,Unfurnished,None,Yes,129.15
2198,Mumbai,2281,4,14,Semi-Furnished,Covered,Yes,351.86
2199,Pune,669,2,1,Unfurnished,Covered,Yes,72.44
2200,Pune,2030,4,28,Fully-Furnished,Open,Yes,142.69
2201,Ahmedabad,3603,6,0,Unfurnished,Open,No,303.14
2202,Mumbai,1974,4,9,Semi-Furnished,Covered,No,388.53
2203,Pune,3292,6,1,Semi-Furnished,Covered,Yes,303.72
2204,Hyderabad,2095,3,11,Unfurnished,Open,Yes,156.13
2205,Hyderabad,3658,6,22,Unfurnished,Open,Yes,245.09
2206,Hyderabad,3662,6,7,Semi-Furnished,Covered,Yes,301.82
2207,Mumbai,1845,3,4,Unfurnished,Open,Yes,332.78
2208,Pune,619,2,21,Fully-Furnished,None,No,64.11
2209,Mumbai,452,1,27,Fully-Furnished,Open,Yes,128.87
2210,Hyderabad,2157,4,0,Semi-Furnished,Covered,Yes,150.94
2211,Ahmedabad,2066,4,14,Semi-Furnished,Covered,Yes,226.57
2212,Pune,3185,6,5,Semi-Furnished,Covered,Yes,271.7
2213,Pune,1119,2,11,Fully-Furnished,Covered,Yes,117.07
2214,Chennai,805,1,30,Semi-Furnished,Covered,Yes,72.45
2215,Chennai,2694,5,7,Unfurnished,Open,Yes,229.26
2216,Delhi,471,1,12,Unfurnished,Covered,Yes,71.76
2217,Bangalore,2453,4,18,Semi-Furnished,None,Yes,216.25
2218,Chennai,1629,2,26,Semi-Furnished,Covered,Yes,105.21
2219,Mumbai,1967,4,0,Semi-Furnished,Open,Yes,364.95
2220,Chennai,4082,6,10,Unfurnished,Open,Yes,314.64
2221,Delhi,3353,6,19,Semi-Furnished,Covered,Yes,348.77
2222,Pune,1098,2,0,Unfurnished,Covered,Yes,124.15
2223,Delhi,1226,2,29,Unfurnished,None,Yes,117.1
2224,Pune,748,2,7,Semi-Furnished,Covered,Yes,74.17
2225,Ahmedabad,4308,6,4,Unfurnished,Open,Yes,355.58
2226,Ahmedabad,707,1,16,Semi-Furnished,Open,Yes,78.8
2227,Pune,3816,6,29,Unfurnished,Covered,Yes,314.5
2228,Bangalore,2734,4,7,Semi-Furnished,Open,No,229.95
2229,Chennai,3209,5,24,Semi-Furnished,Covered,Yes,262.48
2230,Mumbai,3958,6,9,Unfurnished,None,Yes,931.33
2231,Mumbai,3877,6,1,Unfurnished,Covered,Yes,701.78
2232,Hyderabad,3086,5,8,Fully-Furnished,Covered,Yes,201.91
2233,Pune,3385,5,23,Semi-Furnished,Open,Yes,245.75
2234,Mumbai,675,1,22,Semi-Furnished,Open,Yes,161.38
2235,Bangalore,2947,4,2,Unfurnished,Covered,Yes,221.86
2236,Pune,3164,6,17,Semi-Furnished,Covered,Yes,263.81
2237,Bangalore,736,1,6,Semi-Furnished,Open,Yes,90.16
2238,Mumbai,2373,4,14,Semi-Furnished,Open,No,481.88
2239,Mumbai,3379,5,20,Semi-Furnished,None,Yes,671.99
2240,Hyderabad,4368,6,21,Unfurnished,Open,Yes,307.37
2241,Mumbai,1310,2,19,Unfurnished,Open,No,189.11
2242,Pune,2396,3,17,Fully-Furnished,None,No,203.28
2243,Ahmedabad,3529,5,24,Fully-Furnished,Covered,Yes,287.25
2244,Pune,4157,6,2,Unfurnished,Covered,Yes,343.1
2245,Pune,727,1,27,Semi-Furnished,Covered,Yes,52.67
2246,Hyderabad,2199,3,29,Unfurnished,Covered,Yes,131.46
2247,Hyderabad,714,2,22,Unfurnished,Covered,No,49.17
2248,Mumbai,3945,6,13,Unfurnished,Open,Yes,551.14
2249,Delhi,1534,3,23,Unfurnished,Covered,Yes,159.89
2250,Delhi,3146,5,1,Semi-Furnished,Covered,No,287.0
2251,Hyderabad,1920,4,13,Semi-Furnished,Covered,Yes,188.51
2252,Mumbai,555,1,21,Unfurnished,None,Yes,124.34
2253,Delhi,2124,3,10,Unfurnished,Covered,No,237.08
2254,Mumbai,3743,6,15,Fully-Furnished,Covered,No,540.8
2255,Mumbai,1286,3,7,Unfurnished,Covered,No,241.77
2256,Mumbai,3473,6,6,Semi-Furnished,Open,Yes,633.08
2257,Chennai,3205,6,10,Unfurnished,Covered,Yes,225.58
2258,Pune,1121,2,2,Semi-Furnished,Covered,Yes,110.89
2259,Mumbai,1312,2,16,Unfurnished,None,Yes,248.56
2260,Chennai,3757,6,13,Unfurnished,Covered,No,260.77
2261,Hyderabad,1270,2,5,Unfurnished,Open,Yes,119.31
2262,Delhi,897,2,7,Unfurnished,Covered,Yes,120.04
2263,Pune,2156,3,21,Semi-Furnished,Covered,Yes,183.03
2264,Ahmedabad,1517,3,4,Semi-Furnished,None,Yes,143.67
2265,Delhi,3809,6,26,Unfurnished,Open,Yes,378.78
2266,Pune,3228,6,27,Unfurnished,Covered,Yes,248.06
2267,Ahmedabad,2047,4,7,Semi-Furnished,None,Yes,165.88
2268,Delhi,3383,6,1,Semi-Furnished,Open,Yes,353.18
2269,Pune,542,1,14,Fully-Furnished,Covered,No,73.67
2270,Delhi,3161,6,11,Semi-Furnished,Open,Yes,356.41
2271,Delhi,3835,6,30,Semi-Furnished,Open,Yes,352.31
2272,Ahmedabad,2831,4,16,Semi-Furnished,Covered,Yes,236.37
2273,Delhi,2248,4,0,Fully-Furnished,Open,No,235.17
2274,Delhi,3096,6,14,Fully-Furnished,Open,Yes,320.79
2275,Ahmedabad,2117,3,13,Unfurnished,Covered,Yes,159.66
2276,Hyderabad,3472,5,19,Unfurnished,Covered,Yes,228.62
2277,Mumbai,1467,2,21,Unfurnished,Covered,Yes,318.25
2278,Bangalore,3186,6,15,Semi-Furnished,Covered,Yes,287.2
2279,Chennai,4191,6,28,Semi-Furnished,Covered,Yes,304.43
2280,Bangalore,1688,2,8,Semi-Furnished,Open,Yes,136.29
2281,Bangalore,4271,6,0,Unfurnished,None,No,337.21
2282,Pune,2206,4,27,Semi-Furnished,Open,Yes,168.85
2283,Mumbai,1904,3,16,Fully-Furnished,None,Yes,333.95
2284,Pune,3708,6,28,Unfurnished,Covered,Yes,282.66
2285,Mumbai,3351,6,12,Semi-Furnished,Covered,Yes,580.9
2286,Ahmedabad,471,1,20,Semi-Furnished,None,Yes,48.96
2287,Ahmedabad,2090,4,25,Fully-Furnished,Covered,Yes,174.72
2288,Mumbai,1744,3,20,Fully-Furnished,Open,Yes,305.41
2289,Delhi,3703,6,4,Semi-Furnished,Open,Yes,356.92
2290,Hyderabad,3513,6,9,Semi-Furnished,Covered,Yes,255.02
2291,Delhi,1282,2,5,Fully-Furnished,Open,Yes,176.81
2292,Hyderabad,3062,6,23,Semi-Furnished,Open,Yes,216.48
2293,Pune,1904,4,18,Unfurnished,None,Yes,142.53
2294,Hyderabad,2863,4,24,Semi-Furnished,Open,Yes,197.92
2295,Pune,2953,4,12,Unfurnished,Covered,Yes,275.79
2296,Ahmedabad,1132,2,0,Unfurnished,Covered,Yes,122.56
2297,Bangalore,2148,4,19,Fully-Furnished,Open,No,200.57
2298,Ahmedabad,4324,6,24,Semi-Furnished,Open,No,317.73
2299,Ahmedabad,823,2,14,Semi-Furnished,Covered,No,94.01
2300,Bangalore,3878,6,13,Unfurnished,Covered,No,350.06
2301,Hyderabad,1991,4,7,Unfurnished,Open,Yes,157.44
2302,Hyderabad,892,2,9,Unfurnished,Open,Yes,83.52
2303,Pune,591,1,8,Unfurnished,Covered,Yes,58.07
2304,Delhi,898,1,16,Semi-Furnished,Covered,Yes,92.83
2305,Pune,1656,2,8,Unfurnished,None,No,131.27
2306,Delhi,2368,3,2,Semi-Furnished,Covered,Yes,254.62
2307,Ahmedabad,2586,4,10,Unfurnished,None,Yes,186.82
2308,Bangalore,1216,2,11,Fully-Furnished,Open,Yes,140.18
2309,Ahmedabad,3620,6,9,Unfurnished,Open,No,212.38
2310,Mumbai,1873,3,24,Unfurnished,Covered,No,312.12
2311,Hyderabad,1486,3,16,Unfurnished,Open,Yes,102.84
2312,Delhi,2274,4,16,Semi-Furnished,Open,No,185.77
2313,Pune,1270,3,24,Semi-Furnished,Open,Yes,123.53
2314,Bangalore,2442,4,10,Semi-Furnished,Covered,Yes,195.01
2315,Delhi,672,2,29,Semi-Furnished,None,Yes,72.69
2316,Pune,1429,2,21,Unfurnished,Open,Yes,121.5
2317,Hyderabad,3618,6,3,Semi-Furnished,None,Yes,274.53
2318,Ahmedabad,4469,6,6,Semi-Furnished,Covered,Yes,301.88
2319,Hyderabad,1451,2,20,Unfurnished,Open,No,100.21
2320,Chennai,4433,6,25,Unfurnished,Open,Yes,317.62
2321,Mumbai,1973,4,13,Unfurnished,Open,Yes,457.84
2322,Chennai,3590,6,6,Unfurnished,Covered,Yes,286.87
2323,Bangalore,4197,6,23,Semi-Furnished,Open,Yes,343.04
2324,Delhi,3689,6,7,Unfurnished,Covered,Yes,335.56
2325,Bangalore,4147,6,0,Unfurnished,Covered,Yes,335.57
2326,Ahmedabad,2505,5,23,Unfurnished,Covered,Yes,176.19
2327,Pune,707,1,21,Fully-Furnished,Open,Yes,80.18
2328,Hyderabad,3759,6,3,Fully-Furnished,Covered,Yes,280.16
2329,Chennai,3576,6,28,Unfurnished,None,Yes,264.2
2330,Chennai,1651,3,29,Unfurnished,Open,No,128.8
2331,Ahmedabad,3147,6,11,Unfurnished,Covered,Yes,188.57
2332,Chennai,1917,3,23,Semi-Furnished,Open,Yes,162.98
2333,Ahmedabad,1778,3,2,Unfurnished,Open,Yes,152.12
2334,Bangalore,2361,3,12,Semi-Furnished,Open,Yes,218.77
2335,Hyderabad,3263,6,19,Semi-Furnished,Covered,Yes,211.16
2336,Delhi,3056,6,30,Fully-Furnished,Open,No,266.7
2337,Pune,2894,5,5,Unfurnished,Covered,Yes,253.43
2338,Delhi,4405,6,10,Fully-Furnished,Covered,Yes,541.48
2339,Bangalore,3963,6,22,Semi-Furnished,Covered,Yes,369.49
2340,Pune,1322,3,3,Unfurnished,Open,Yes,139.02
2341,Chennai,3359,5,19,Unfurnished,Covered,Yes,241.33
2342,Mumbai,583,1,15,Unfurnished,Open,Yes,129.74
2343,Bangalore,3758,6,6,Unfurnished,None,Yes,297.43
2344,Bangalore,1798,2,21,Unfurnished,None,No,135.12
2345,Hyderabad,3196,6,28,Semi-Furnished,Open,Yes,170.55
2346,Delhi,936,2,10,Semi-Furnished,None,No,101.91
2347,Bangalore,1673,3,23,Fully-Furnished,None,No,139.43
2348,Bangalore,3367,6,0,Unfurnished,Open,No,281.66
2349,Chennai,3449,5,25,Fully-Furnished,Open,Yes,258.45
2350,Chennai,1496,3,28,Unfurnished,Covered,Yes,116.81
2351,Pune,1705,3,26,Semi-Furnished,Covered,Yes,139.47
2352,Ahmedabad,1315,3,6,Unfurnished,Covered,Yes,115.81
2353,Ahmedabad,3481,6,11,Unfurnished,Open,No,201.77
2354,Mumbai,1428,2,6,Fully-Furnished,Open,Yes,278.47
2355,Ahmedabad,2377,4,26,Unfurnished,Covered,Yes,160.02
2356,Hyderabad,3754,6,22,Semi-Furnished,None,Yes,261.4
2357,Mumbai,2911,5,6,Semi-Furnished,Covered,Yes,587.46
2358,Pune,670,1,9,Semi-Furnished,None,Yes,75.06
2359,Chennai,1586,2,29,Semi-Furnished,Covered,Yes,127.59
2360,Ahmedabad,4164,6,15,Semi-Furnished,Open,Yes,304.41
2361,Delhi,2798,5,25,Unfurnished,Open,Yes,254.61
2362,Chennai,2111,4,7,Semi-Furnished,Covered,Yes,165.22
2363,Hyderabad,2630,4,8,Fully-Furnished,Open,Yes,167.86
2364,Chennai,528,1,8,Unfurnished,Open,Yes,61.49
2365,Hyderabad,1669,3,1,Unfurnished,Open,Yes,128.95
2366,Hyderabad,4072,6,12,Semi-Furnished,Covered,Yes,247.58
2367,Hyderabad,2001,3,12,Semi-Furnished,None,No,126.09
2368,Pune,4370,6,22,Semi-Furnished,None,No,288.1
2369,Hyderabad,1027,2,22,Unfurnished,Open,No,69.18
2370,Hyderabad,4197,6,3,Semi-Furnished,None,Yes,322.4
2371,Delhi,2444,4,24,Unfurnished,Covered,No,220.37
2372,Mumbai,3952,6,23,Semi-Furnished,Open,No,507.77
2373,Bangalore,2741,4,11,Semi-Furnished,Open,No,226.7
2374,Mumbai,3614,6,16,Unfurnished,None,Yes,623.57
2375,Hyderabad,649,1,1,Semi-Furnished,Open,No,64.41
2376,Delhi,3325,5,12,Fully-Furnished,None,Yes,313.34
2377,Chennai,1374,3,30,Semi-Furnished,None,Yes,104.54
2378,Delhi,1725,3,28,Fully-Furnished,None,Yes,179.26
2379,Hyderabad,1383,3,17,Semi-Furnished,Covered,Yes,110.46
2380,Delhi,1288,2,27,Semi-Furnished,None,Yes,136.05
2381,Ahmedabad,3337,6,27,Unfurnished,Covered,Yes,234.76
2382,Delhi,2517,5,26,Unfurnished,None,Yes,230.31
2383,Hyderabad,3072,6,14,Unfurnished,None,No,229.61
2384,Pune,1726,3,30,Semi-Furnished,Open,Yes,141.02
2385,Ahmedabad,870,2,7,Fully-Furnished,Open,Yes,106.41
2386,Delhi,2387,3,14,Unfurnished,Covered,Yes,268.47
2387,Bangalore,490,1,0,Semi-Furnished,Covered,Yes,82.12
2388,Bangalore,929,2,19,Semi-Furnished,Covered,Yes,107.67
2389,Delhi,4459,6,9,Semi-Furnished,Covered,Yes,366.51
2390,Pune,3173,6,11,Unfurnished,Open,Yes,260.84
2391,Chennai,2086,4,4,Semi-Furnished,Open,Yes,172.1
2392,Hyderabad,591,1,8,Unfurnished,Covered,Yes,68.79
2393,Bangalore,2386,4,22,Unfurnished,Covered,Yes,225.37
2394,Chennai,4023,6,7,Fully-Furnished,Open,Yes,290.99
2395,Delhi,2585,4,15,Unfurnished,Open,No,251.85
2396,Chennai,1408,2,13,Unfurnished,None,Yes,111.12
2397,Ahmedabad,4183,6,26,Fully-Furnished,Covered,Yes,326.22
2398,Mumbai,2452,5,24,Unfurnished,Open,Yes,396.63
2399,Bangalore,3708,6,12,Semi-Furnished,Open,Yes,332.82
2400,Delhi,2116,4,22,Unfurnished,None,Yes,202.83
2401,Hyderabad,710,2,20,Unfurnished,Covered,Yes,61.59
2402,Pune,1660,3,12,Unfurnished,None,Yes,126.9
2403,Ahmedabad,4332,6,30,Unfurnished,Covered,Yes,287.59
2404,Delhi,3668,6,4,Semi-Furnished,None,Yes,409.75
2405,Hyderabad,984,1,15,Semi-Furnished,Covered,Yes,72.46
2406,Pune,3199,6,25,Semi-Furnished,Covered,No,219.18
2407,Pune,759,1,10,Fully-Furnished,None,Yes,80.78
2408,Delhi,3266,6,21,Unfurnished,Open,Yes,291.15
2409,Ahmedabad,2411,4,4,Semi-Furnished,Open,No,172.69
2410,Chennai,4406,6,12,Semi-Furnished,None,No,308.97
2411,Chennai,2025,4,27,Fully-Furnished,Covered,Yes,139.06
2412,Pune,3164,6,10,Unfurnished,Open,Yes,230.05
2413,Chennai,1290,2,24,Semi-Furnished,Open,Yes,120.49
2414,Mumbai,1131,1,18,Fully-Furnished,None,Yes,242.99
2415,Pune,4361,6,2,Unfurnished,Open,Yes,318.56
2416,Pune,2904,5,14,Fully-Furnished,Covered,Yes,257.68
2417,Hyderabad,1014,2,6,Unfurnished,Open,Yes,89.84
2418,Chennai,4206,6,6,Semi-Furnished,Covered,Yes,351.59
2419,Ahmedabad,2119,3,5,Fully-Furnished,Covered,Yes,184.67
2420,Pune,1987,4,2,Semi-Furnished,None,Yes,194.27
2421,Ahmedabad,2011,3,29,Semi-Furnished,None,Yes,116.58
2422,Mumbai,1296,3,12,Unfurnished,Covered,Yes,237.4
2423,Hyderabad,677,2,6,Fully-Furnished,Open,Yes,79.44
2424,Delhi,2036,4,4,Semi-Furnished,None,Yes,228.51
2425,Ahmedabad,2558,5,22,Unfurnished,Open,No,166.21
2426,Pune,2832,5,17,Semi-Furnished,Open,Yes,234.28
2427,Mumbai,4304,6,21,Semi-Furnished,Covered,Yes,702.73
2428,Bangalore,3662,6,29,Unfurnished,None,No,274.33
2429,Mumbai,1849,4,7,Unfurnished,None,Yes,390.98
2430,Mumbai,1632,3,16,Unfurnished,Covered,No,327.27
2431,Hyderabad,1077,1,19,Semi-Furnished,Covered,Yes,74.71
2432,Delhi,3058,6,26,Semi-Furnished,Open,Yes,267.46
2433,Bangalore,2428,4,0,Semi-Furnished,Covered,Yes,223.48
2434,Chennai,4158,6,13,Fully-Furnished,Open,Yes,313.19
2435,Chennai,2437,4,16,Fully-Furnished,Covered,Yes,185.81
2436,Ahmedabad,3049,5,9,Semi-Furnished,Open,No,251.44
2437,Mumbai,1056,2,11,Unfurnished,Open,Yes,227.73
2438,Hyderabad,565,1,15,Semi-Furnished,Covered,Yes,59.08
2439,Hyderabad,989,2,13,Semi-Furnished,Open,Yes,72.44
2440,Chennai,3221,6,29,Semi-Furnished,Covered,Yes,266.24
2441,Ahmedabad,1662,2,26,Semi-Furnished,Open,Yes,89.65
2442,Ahmedabad,471,1,15,Unfurnished,Covered,Yes,58.31
2443,Ahmedabad,3916,6,7,Fully-Furnished,Covered,Yes,340.25
2444,Bangalore,3980,6,22,Unfurnished,Open,Yes,313.43
2445,Delhi,668,1,27,Semi-Furnished,Covered,Yes,90.95
2446,Bangalore,2176,4,9,Unfurnished,Open,No,186.93
2447,Pune,2862,5,28,Fully-Furnished,Covered,Yes,234.16
2448,Pune,1668,2,16,Unfurnished,Open,Yes,136.38
2449,Delhi,1415,3,26,Unfurnished,Covered,Yes,194.4
2450,Chennai,3122,5,29,Unfurnished,Open,Yes,247.91
2451,Delhi,1483,3,28,Unfurnished,Open,Yes,157.58
2452,Hyderabad,806,1,17,Unfurnished,None,No,49.73
2453,Pune,3476,6,19,Semi-Furnished,Open,Yes,278.77
2454,Mumbai,1385,2,15,Semi-Furnished,Covered,Yes,255.38
2455,Mumbai,4003,6,16,Unfurnished,Covered,Yes,758.67
2456,Chennai,1109,2,15,Unfurnished,Covered,Yes,96.4
2457,Hyderabad,3018,6,18,Fully-Furnished,Open,Yes,195.32
2458,Bangalore,1811,3,23,Semi-Furnished,Open,No,153.61
2459,Hyderabad,1885,4,23,Semi-Furnished,None,Yes,121.33
2460,Mumbai,3350,6,7,Semi-Furnished,Covered,Yes,620.23
2461,Mumbai,3334,6,5,Unfurnished,Covered,Yes,552.94
2462,Pune,1403,2,5,Unfurnished,Open,Yes,123.39
2463,Hyderabad,2866,4,20,Unfurnished,None,Yes,200.51
2464,Hyderabad,2866,5,28,Fully-Furnished,None,No,186.24
2465,Mumbai,2338,4,8,Fully-Furnished,Covered,Yes,432.14
2466,Bangalore,2339,3,3,Semi-Furnished,Covered,No,213.59
2467,Chennai,2035,4,25,Unfurnished,Covered,Yes,164.1
2468,Ahmedabad,2098,3,30,Unfurnished,Open,Yes,131.55
2469,Chennai,2491,5,11,Unfurnished,Covered,Yes,203.26
2470,Hyderabad,2295,4,27,Semi-Furnished,Covered,Yes,180.18
2471,Chennai,3798,6,11,Unfurnished,Open,No,282.4
2472,Mumbai,1473,2,22,Fully-Furnished,Open,Yes,290.79
2473,Mumbai,2802,4,16,Unfurnished,None,Yes,528.98
2474,Hyderabad,3612,6,14,Fully-Furnished,Open,No,256.57
2475,Hyderabad,4437,6,8,Semi-Furnished,Covered,Yes,330.42
2476,Ahmedabad,1551,3,6,Semi-Furnished,Open,No,105.49
2477,Ahmedabad,2845,5,9,Semi-Furnished,Covered,Yes,194.67
2478,Pune,2356,3,15,Semi-Furnished,Open,Yes,208.15
2479,Hyderabad,4307,6,11,Semi-Furnished,None,No,235.38
2480,Bangalore,1207,3,24,Semi-Furnished,Open,Yes,119.36
2481,Chennai,586,1,6,Semi-Furnished,Open,No,61.13
2482,Hyderabad,1707,3,17,Fully-Furnished,Open,Yes,119.39
2483,Delhi,2684,5,14,Semi-Furnished,None,No,267.56
2484,Pune,1157,1,5,Semi-Furnished,Open,Yes,109.47
2485,Delhi,4254,6,25,Fully-Furnished,None,Yes,491.24
2486,Mumbai,2606,5,11,Unfurnished,None,No,423.85
2487,Ahmedabad,3958,6,10,Unfurnished,Open,Yes,336.92
2488,Chennai,1980,3,19,Semi-Furnished,Open,Yes,157.18
2489,Hyderabad,1361,2,2,Semi-Furnished,Covered,No,104.83
2490,Delhi,4247,6,1,Fully-Furnished,Open,Yes,461.46
2491,Chennai,3975,6,5,Semi-Furnished,Covered,No,307.99
2492,Mumbai,1275,3,23,Semi-Furnished,Open,Yes,254.85
2493,Ahmedabad,2818,4,21,Semi-Furnished,Covered,Yes,220.21
2494,Bangalore,1401,2,24,Unfurnished,Open,Yes,112.43
2495,Pune,3784,6,29,Semi-Furnished,Covered,Yes,267.56
2496,Chennai,4466,6,4,Fully-Furnished,Open,Yes,366.89
2497,Chennai,3245,6,17,Unfurnished,Covered,Yes,239.27
2498,Bangalore,1881,4,15,Semi-Furnished,Open,Yes,174.64
2499,Chennai,3701,6,7,Semi-Furnished,None,Yes,288.69
2500,Mumbai,1057,2,24,Unfurnished,Covered,Yes,219.18
